ア	0000000001	0000000002	0000000003	0000000004	0000000005	0000000006	0000000007
アイ	0000000814	0000000815	0000000816	0000000817	0000000818	0000000819	0000000820	0000000821
アク	0000005959	0000005960	0000005961	0000005962
アツ	0000009722	0000009723	0000009724
アン	0000016654	0000016655	0000016656	0000016657	0000016658	0000016659	0000016660	0000016661	0000016662	0000016663	0000016664
イ	0000018193	0000018194	0000018195	0000018196	0000018197	0000018198	0000018199	0000018200	0000018201	0000018202	0000018203	0000018204	0000018205	0000018206	0000018207	0000018208	0000018209	0000018210	0000018211	0000018212	0000018213	0000018214	0000018215	0000018216	0000018217	0000018218	0000018219	0000018220	0000018221	0000018222	0000018223	0000018224	0000018225	0000018226	0000018227	0000018228
イキ	0000020226	0000020227
イク	0000020593	0000020594
イチ	0000023365	0000023366	0000023367
イツ	0000024437	0000024438	0000024439	0000024440	0000024441
イン	0000029430	0000029431	0000029432	0000029433	0000029434	0000029435	0000029436	0000029437	0000029438	0000029439	0000029440	0000029441	0000029442	0000029443	0000029444	0000029445	0000029446	0000029447	0000029448	0000029449
ウ	0000031125	0000031126	0000031127	0000031128	0000031129	0000031130	0000031131	0000031132	0000031133	0000031134	0000031135
ウツ	0000035597
ウン	0000038531	0000038532	0000038533	0000038534	0000038535	0000038536	0000038537
エ	0000038989	0000038990	0000038991
エイ	0000039202	0000039203	0000039204	0000039205	0000039206	0000039207	0000039208	0000039209	0000039210	0000039211	0000039212	0000039213	0000039214	0000039215	0000039216	0000039217	0000039218	0000039219	0000039220
エキ	0000041298	0000041299	0000041300	0000041301	0000041302	0000041303	0000041304	0000041305	0000041306
エチ	0000043282
エツ	0000043451	0000043452	0000043453	0000043454	0000043455
エン	0000047889	0000047890	0000047891	0000047892	0000047893	0000047894	0000047895	0000047896	0000047897	0000047898	0000047899	0000047900	0000047901	0000047902	0000047903	0000047904	0000047905	0000047906	0000047907	0000047908	0000047909	0000047910	0000047911	0000047912	0000047913	0000047914	0000047915	0000047916	0000047917	0000047918	0000047919	0000047920	0000047921	0000047922
オ	0000049474	0000049475	0000049476	0000049477
オウ	0000049950	0000049951	0000049952	0000049953	0000049954	0000049955	0000049956	0000049957	0000049958	0000049959	0000049960	0000049961	0000049962	0000049963	0000049964	0000049965	0000049966	0000049967	0000049968
オク	0000055562	0000055563	0000055564	0000055565
オチ	0000057551
オツ	0000057741
オン	0000062210	0000062211	0000062212	0000062213	0000062214	0000062215
カ	0000063271	0000063272	0000063273	0000063274	0000063275	0000063276	0000063277	0000063278	0000063279	0000063280	0000063281	0000063282	0000063283	0000063284	0000063285	0000063286	0000063287	0000063288	0000063289	0000063290	0000063291	0000063292	0000063293	0000063294	0000063295	0000063296	0000063297	0000063298	0000063299	0000063300	0000063301	0000063302	0000063303	0000063304	0000063305	0000063306	0000063307	0000063308	0000063309	0000063310	0000063311	0000063312	0000063313	0000063314	0000063315
カイ	0000063905	0000063906	0000063907	0000063908	0000063909	0000063910	0000063911	0000063912	0000063913	0000063914	0000063915	0000063916	0000063917	0000063918	0000063919	0000063920	0000063921	0000063922	0000063923	0000063924	0000063925	0000063926	0000063927	0000063928	0000063929	0000063930	0000063931	0000063932	0000063933	0000063934	0000063935	0000063936	0000063937	0000063938	0000063939
カク	0000068738	0000068739	0000068740	0000068741	0000068742	0000068743	0000068744	0000068745	0000068746	0000068747	0000068748	0000068749	0000068750	0000068751	0000068752	0000068753	0000068754	0000068755	0000068756	0000068757	0000068758	0000068759	0000068760	0000068761	0000068762	0000068763	0000068764	0000068765	0000068766
カッ	0000074490
カツ	0000074492	0000074493	0000074494	0000074495	0000074496	0000074497	0000074498	0000074499	0000074500	0000074501	0000074502	0000074503
カン	0000083182	0000083183	0000083184	0000083185	0000083186	0000083187	0000083188	0000083189	0000083190	0000083191	0000083192	0000083193	0000083194	0000083195	0000083196	0000083197	0000083198	0000083199	0000083200	0000083201	0000083202	0000083203	0000083204	0000083205	0000083206	0000083207	0000083208	0000083209	0000083210	0000083211	0000083212	0000083213	0000083214	0000083215	0000083216	0000083217	0000083218	0000083219	0000083220	0000083221	0000083222	0000083223	0000083224	0000083225	0000083226	0000083227	0000083228	0000083229	0000083230	0000083231	0000083232	0000083233	0000083234	0000083235	0000083236	0000083237	0000083238	0000083239	0000083240	0000083241	0000083242	0000083243	0000083244	0000083245	0000083246	0000083247	0000083248	0000083249	0000083250	0000083251	0000083252
ガ	0000063349	0000063350	0000063351	0000063352	0000063353	0000063354	0000063355	0000063356	0000063357	0000063358	0000063359	0000063360	0000063361	0000063362
ガイ	0000063975	0000063976	0000063977	0000063978	0000063979	0000063980	0000063981	0000063982	0000063983	0000063984	0000063985	0000063986	0000063987	0000063988	0000063989	0000063990	0000063991	0000063992
ガク	0000068792	0000068793	0000068794	0000068795	0000068796	0000068797	0000068798	0000068799
ガッ	0000074516
ガツ	0000074517
ガン	0000083304	0000083305	0000083306	0000083307	0000083308	0000083309	0000083310	0000083311	0000083312	0000083313	0000083314	0000083315	0000083316	0000083317
キ	0000087197	0000087198	0000087199	0000087200	0000087201	0000087202	0000087203	0000087204	0000087205	0000087206	0000087207	0000087208	0000087209	0000087210	0000087211	0000087212	0000087213	0000087214	0000087215	0000087216	0000087217	0000087218	0000087219	0000087220	0000087221	0000087222	0000087223	0000087224	0000087225	0000087226	0000087227	0000087228	0000087229	0000087230	0000087231	0000087232	0000087233	0000087234	0000087235	0000087236	0000087237	0000087238	0000087239	0000087240	0000087241	0000087242	0000087243	0000087244	0000087245	0000087246	0000087247	0000087248	0000087249	0000087250	0000087251	0000087252	0000087253	0000087254	0000087255	0000087256	0000087257	0000087258	0000087259	0000087260	0000087261	0000087262
キク	0000088606	0000088607	0000088608	0000088609
キチ	0000091165
キツ	0000091292	0000091293	0000091294	0000091295	0000091296	0000091297	0000091298	0000091299
キャ	0000093527	0000093528
キャク	0000093543	0000093544	0000093545	0000093546
キュウ	0000094726	0000094727	0000094728	0000094729	0000094730	0000094731	0000094732	0000094733	0000094734	0000094735	0000094736	0000094737	0000094738	0000094739	0000094740	0000094741	0000094742	0000094743	0000094744	0000094745	0000094746	0000094747	0000094748	0000094749	0000094750	0000094751	0000094752	0000094753	0000094754	0000094755	0000094756	0000094757	0000094758	0000094759	0000094760	0000094761
キョ	0000096526	0000096527	0000096528	0000096529	0000096530	0000096531	0000096532	0000096533	0000096534	0000096535	0000096536	0000096537	0000096538	0000096539	0000096540	0000096541	0000096542	0000096543
キョウ	0000096570	0000096571	0000096572	0000096573	0000096574	0000096575	0000096576	0000096577	0000096578	0000096579	0000096580	0000096581	0000096582	0000096583	0000096584	0000096585	0000096586	0000096587	0000096588	0000096589	0000096590	0000096591	0000096592	0000096593	0000096594	0000096595	0000096596	0000096597	0000096598	0000096599	0000096600	0000096601	0000096602	0000096603	0000096604	0000096605	0000096606	0000096607	0000096608	0000096609	0000096610	0000096611	0000096612	0000096613	0000096614	0000096615	0000096616	0000096617	0000096618	0000096619
キョク	0000099190	0000099191	0000099192	0000099193	0000099194	0000099195
キン	0000101332	0000101333	0000101334	0000101335	0000101336	0000101337	0000101338	0000101339	0000101340	0000101341	0000101342	0000101343	0000101344	0000101345	0000101346	0000101347	0000101348	0000101349	0000101350	0000101351	0000101352	0000101353	0000101354	0000101355	0000101356	0000101357
ギ	0000087304	0000087305	0000087306	0000087307	0000087308	0000087309	0000087310	0000087311	0000087312	0000087313	0000087314	0000087315	0000087316	0000087317	0000087318	0000087319	0000087320
ギャク	0000093553	0000093554	0000093555
ギュウ	0000094781
ギョ	0000096552	0000096553	0000096554	0000096555	0000096556	0000096557
ギョウ	0000096645	0000096646	0000096647	0000096648	0000096649	0000096650	0000096651
ギョク	0000099200
ギン	0000101371	0000101372
ク	0000103577	0000103578	0000103579	0000103580	0000103581	0000103582	0000103583	0000103584	0000103585	0000103586	0000103587	0000103588	0000103589	0000103590	0000103591
クウ	0000104018
クツ	0000106675	0000106676	0000106677
クン	0000113230	0000113231	0000113232	0000113233	0000113234
グ	0000103605	0000103606	0000103607	0000103608	0000103609	0000103610	0000103611
グウ	0000104028	0000104029	0000104030	0000104031	0000104032
グン	0000113241	0000113242	0000113243
ケ	0000113764	0000113765	0000113766	0000113767	0000113768
ケイ	0000113849	0000113850	0000113851	0000113852	0000113853	0000113854	0000113855	0000113856	0000113857	0000113858	0000113859	0000113860	0000113861	0000113862	0000113863	0000113864	0000113865	0000113866	0000113867	0000113868	0000113869	0000113870	0000113871	0000113872	0000113873	0000113874	0000113875	0000113876	0000113877	0000113878	0000113879	0000113880	0000113881	0000113882	0000113883	0000113884	0000113885	0000113886	0000113887	0000113888	0000113889	0000113890	0000113891	0000113892	0000113893	0000113894	0000113895	0000113896
ケチ	0000117111
ケツ	0000117155	0000117156	0000117157	0000117158	0000117159	0000117160	0000117161	0000117162	0000117163	0000117164	0000117165
ケン	0000118733	0000118734	0000118735	0000118736	0000118737	0000118738	0000118739	0000118740	0000118741	0000118742	0000118743	0000118744	0000118745	0000118746	0000118747	0000118748	0000118749	0000118750	0000118751	0000118752	0000118753	0000118754	0000118755	0000118756	0000118757	0000118758	0000118759	0000118760	0000118761	0000118762	0000118763	0000118764	0000118765	0000118766	0000118767	0000118768	0000118769	0000118770	0000118771	0000118772	0000118773	0000118774	0000118775	0000118776	0000118777	0000118778	0000118779
ゲ	0000113788	0000113789	0000113790	0000113791	0000113792
ゲイ	0000113921	0000113922	0000113923	0000113924	0000113925
ゲキ	0000116319	0000116320	0000116321	0000116322	0000116323	0000116324	0000116325
ゲツ	0000117175
ゲン	0000118804	0000118805	0000118806	0000118807	0000118808	0000118809	0000118810	0000118811	0000118812	0000118813	0000118814	0000118815	0000118816	0000118817	0000118818	0000118819	0000118820	0000118821	0000118822	0000118823
コ	0000121747	0000121748	0000121749	0000121750	0000121751	0000121752	0000121753	0000121754	0000121755	0000121756	0000121757	0000121758	0000121759	0000121760	0000121761	0000121762	0000121763	0000121764	0000121765	0000121766	0000121767	0000121768	0000121769	0000121770	0000121771	0000121772	0000121773	0000121774	0000121775	0000121776	0000121777	0000121778	0000121779
コウ	0000122485	0000122486	0000122487	0000122488	0000122489	0000122490	0000122491	0000122492	0000122493	0000122494	0000122495	0000122496	0000122497	0000122498	0000122499	0000122500	0000122501	0000122502	0000122503	0000122504	0000122505	0000122506	0000122507	0000122508	0000122509	0000122510	0000122511	0000122512	0000122513	0000122514	0000122515	0000122516	0000122517	0000122518	0000122519	0000122520	0000122521	0000122522	0000122523	0000122524	0000122525	0000122526	0000122527	0000122528	0000122529	0000122530	0000122531	0000122532	0000122533	0000122534	0000122535	0000122536	0000122537	0000122538	0000122539	0000122540	0000122541	0000122542	0000122543	0000122544	0000122545	0000122546	0000122547	0000122548	0000122549	0000122550	0000122551	0000122552	0000122553	0000122554	0000122555	0000122556	0000122557	0000122558	0000122559	0000122560	0000122561	0000122562	0000122563	0000122564	0000122565	0000122566	0000122567	0000122568	0000122569	0000122570	0000122571	0000122572	0000122573	0000122574	0000122575	0000122576	0000122577	0000122578	0000122579	0000122580	0000122581	0000122582	0000122583	0000122584	0000122585	0000122586	0000122587	0000122588	0000122589	0000122590	0000122591	0000122592	0000122593	0000122594
コク	0000130003	0000130004	0000130005	0000130006	0000130007	0000130008	0000130009	0000130010	0000130011	0000130012	0000130013	0000130014	0000130015
コツ	0000134700	0000134701	0000134702	0000134703	0000134704
コン	0000139934	0000139935	0000139936	0000139937	0000139938	0000139939	0000139940	0000139941	0000139942	0000139943	0000139944	0000139945	0000139946	0000139947	0000139948	0000139949	0000139950	0000139951
ゴ	0000121807	0000121808	0000121809	0000121810	0000121811	0000121812	0000121813	0000121814	0000121815	0000121816	0000121817	0000121818	0000121819	0000121820	0000121821	0000121822	0000121823	0000121824	0000121825	0000121826
ゴウ	0000122639	0000122640	0000122641	0000122642	0000122643	0000122644	0000122645	0000122646	0000122647	0000122648	0000122649	0000122650	0000122651	0000122652	0000122653
ゴク	0000130032	0000130033
ゴン	0000139967	0000139968	0000139969
サ	0000141592	0000141593	0000141594	0000141595	0000141596	0000141597	0000141598	0000141599	0000141600	0000141601	0000141602	0000141603	0000141604	0000141605	0000141606	0000141607	0000141608	0000141609	0000141610	0000141611	0000141612	0000141613
サイ	0000142044	0000142045	0000142046	0000142047	0000142048	0000142049	0000142050	0000142051	0000142052	0000142053	0000142054	0000142055	0000142056	0000142057	0000142058	0000142059	0000142060	0000142061	0000142062	0000142063	0000142064	0000142065	0000142066	0000142067	0000142068	0000142069	0000142070	0000142071	0000142072	0000142073	0000142074	0000142075	0000142076	0000142077	0000142078	0000142079
サク	0000145790	0000145791	0000145792	0000145793	0000145794	0000145795	0000145796	0000145797	0000145798	0000145799	0000145800	0000145801	0000145802	0000145803
サッ	0000147947
サツ	0000147948	0000147949	0000147950	0000147951	0000147952	0000147953	0000147954	0000147955	0000147956	0000147957	0000147958	0000147959
サン	0000151637	0000151638	0000151639	0000151640	0000151641	0000151642	0000151643	0000151644	0000151645	0000151646	0000151647	0000151648	0000151649	0000151650	0000151651	0000151652	0000151653	0000151654	0000151655	0000151656	0000151657
ザ	0000141628	0000141629	0000141630
ザイ	0000142099	0000142100	0000142101	0000142102	0000142103
ザツ	0000147965
ザン	0000151680	0000151681	0000151682	0000151683	0000151684	0000151685	0000151686	0000151687
シ	0000155569	0000155570	0000155571	0000155572	0000155573	0000155574	0000155575	0000155576	0000155577	0000155578	0000155579	0000155580	0000155581	0000155582	0000155583	0000155584	0000155585	0000155586	0000155587	0000155588	0000155589	0000155590	0000155591	0000155592	0000155593	0000155594	0000155595	0000155596	0000155597	0000155598	0000155599	0000155600	0000155601	0000155602	0000155603	0000155604	0000155605	0000155606	0000155607	0000155608	0000155609	0000155610	0000155611	0000155612	0000155613	0000155614	0000155615	0000155616	0000155617	0000155618	0000155619	0000155620	0000155621	0000155622	0000155623	0000155624	0000155625	0000155626	0000155627	0000155628	0000155629	0000155630	0000155631	0000155632	0000155633	0000155634	0000155635	0000155636	0000155637	0000155638	0000155639	0000155640	0000155641	0000155642	0000155643	0000155644
シイ	0000155945
シキ	0000159933	0000159934	0000159935
シチ	0000164361	0000164362
シツ	0000164798	0000164799	0000164800	0000164801	0000164802	0000164803	0000164804	0000164805	0000164806	0000164807	0000164808	0000164809	0000164810	0000164811
シャ	0000169688	0000169689	0000169690	0000169691	0000169692	0000169693	0000169694	0000169695	0000169696	0000169697	0000169698	0000169699	0000169700	0000169701	0000169702	0000169703	0000169704	0000169705	0000169706	0000169707	0000169708	0000169709
シャク	0000170422	0000170423	0000170424	0000170425	0000170426	0000170427	0000170428	0000170429	0000170430	0000170431	0000170432
シュ	0000172554	0000172555	0000172556	0000172557	0000172558	0000172559	0000172560	0000172561	0000172562	0000172563	0000172564	0000172565	0000172566	0000172567	0000172568	0000172569	0000172570	0000172571	0000172572
シュウ	0000172651	0000172652	0000172653	0000172654	0000172655	0000172656	0000172657	0000172658	0000172659	0000172660	0000172661	0000172662	0000172663	0000172664	0000172665	0000172666	0000172667	0000172668	0000172669	0000172670	0000172671	0000172672	0000172673	0000172674	0000172675	0000172676	0000172677	0000172678	0000172679	0000172680	0000172681	0000172682	0000172683	0000172684
シュク	0000175544	0000175545	0000175546	0000175547	0000175548	0000175549	0000175550
シュツ	0000176453	0000176454
シュン	0000177670	0000177671	0000177672	0000177673	0000177674	0000177675	0000177676	0000177677	0000177678	0000177679	0000177680
ショ	0000178480	0000178481	0000178482	0000178483	0000178484	0000178485	0000178486	0000178487	0000178488	0000178489	0000178490	0000178491	0000178492	0000178493	0000178494	0000178495	0000178496
ショウ	0000178604	0000178605	0000178606	0000178607	0000178608	0000178609	0000178610	0000178611	0000178612	0000178613	0000178614	0000178615	0000178616	0000178617	0000178618	0000178619	0000178620	0000178621	0000178622	0000178623	0000178624	0000178625	0000178626	0000178627	0000178628	0000178629	0000178630	0000178631	0000178632	0000178633	0000178634	0000178635	0000178636	0000178637	0000178638	0000178639	0000178640	0000178641	0000178642	0000178643	0000178644	0000178645	0000178646	0000178647	0000178648	0000178649	0000178650	0000178651	0000178652	0000178653	0000178654	0000178655	0000178656	0000178657	0000178658	0000178659	0000178660	0000178661	0000178662	0000178663	0000178664	0000178665	0000178666	0000178667	0000178668	0000178669	0000178670	0000178671	0000178672	0000178673	0000178674	0000178675	0000178676	0000178677	0000178678	0000178679	0000178680	0000178681	0000178682	0000178683	0000178684	0000178685	0000178686	0000178687	0000178688	0000178689	0000178690	0000178691	0000178692
ショク	0000183737	0000183738	0000183739	0000183740	0000183741	0000183742	0000183743	0000183744	0000183745	0000183746	0000183747	0000183748	0000183749	0000183750
シン	0000187565	0000187566	0000187567	0000187568	0000187569	0000187570	0000187571	0000187572	0000187573	0000187574	0000187575	0000187576	0000187577	0000187578	0000187579	0000187580	0000187581	0000187582	0000187583	0000187584	0000187585	0000187586	0000187587	0000187588	0000187589	0000187590	0000187591	0000187592	0000187593	0000187594	0000187595	0000187596	0000187597	0000187598	0000187599	0000187600	0000187601	0000187602	0000187603	0000187604	0000187605	0000187606	0000187607	0000187608	0000187609	0000187610	0000187611
ジ	0000155686	0000155687	0000155688	0000155689	0000155690	0000155691	0000155692	0000155693	0000155694	0000155695	0000155696	0000155697	0000155698	0000155699	0000155700	0000155701	0000155702	0000155703	0000155704	0000155705	0000155706	0000155707	0000155708	0000155709	0000155710	0000155711	0000155712	0000155713
ジキ	0000159977	0000159978
ジク	0000160768	0000160769
ジッ	0000164818
ジツ	0000164819	0000164820	0000164821
ジャ	0000169723	0000169724
ジャク	0000170445	0000170446	0000170447	0000170448	0000170449	0000170450
ジュ	0000172585	0000172586	0000172587	0000172588	0000172589	0000172590	0000172591	0000172592	0000172593	0000172594	0000172595	0000172596	0000172597
ジュウ	0000172711	0000172712	0000172713	0000172714	0000172715	0000172716	0000172717	0000172718	0000172719	0000172720	0000172721	0000172722	0000172723	0000172724	0000172725	0000172726	0000172727	0000172728	0000172729
ジュク	0000175559	0000175560
ジュッ	0000164818
ジュツ	0000176456	0000176457	0000176458	0000176459
ジュン	0000177685	0000177686	0000177687	0000177688	0000177689	0000177690	0000177691	0000177692	0000177693	0000177694	0000177695	0000177696	0000177697	0000177698	0000177699	0000177700	0000177701	0000177702	0000177703	0000177704
ジョ	0000178508	0000178509	0000178510	0000178511	0000178512	0000178513	0000178514	0000178515	0000178516	0000178517	0000178518	0000178519	0000178520
ジョウ	0000178749	0000178750	0000178751	0000178752	0000178753	0000178754	0000178755	0000178756	0000178757	0000178758	0000178759	0000178760	0000178761	0000178762	0000178763	0000178764	0000178765	0000178766	0000178767	0000178768	0000178769	0000178770	0000178771	0000178772	0000178773	0000178774	0000178775	0000178776	0000178777	0000178778	0000178779
ジョク	0000183767	0000183768
ジン	0000187637	0000187638	0000187639	0000187640	0000187641	0000187642	0000187643	0000187644	0000187645	0000187646	0000187647	0000187648	0000187649	0000187650	0000187651	0000187652
ス	0000192198	0000192199	0000192200	0000192201	0000192202
スイ	0000192249	0000192250	0000192251	0000192252	0000192253	0000192254	0000192255	0000192256	0000192257	0000192258	0000192259	0000192260	0000192261	0000192262	0000192263	0000192264	0000192265	0000192266	0000192267	0000192268	0000192269	0000192270	0000192271
スウ	0000193617	0000193618	0000193619	0000193620	0000193621	0000193622	0000193623
スク	0000195295
スン	0000201143	0000201144
ズ	0000192216	0000192217	0000192218	0000192219	0000192220
ズイ	0000192279	0000192280	0000192281	0000192282
セ	0000201273	0000201274
セイ	0000201302	0000201303	0000201304	0000201305	0000201306	0000201307	0000201308	0000201309	0000201310	0000201311	0000201312	0000201313	0000201314	0000201315	0000201316	0000201317	0000201318	0000201319	0000201320	0000201321	0000201322	0000201323	0000201324	0000201325	0000201326	0000201327	0000201328	0000201329	0000201330	0000201331	0000201332	0000201333	0000201334	0000201335	0000201336	0000201337	0000201338	0000201339	0000201340	0000201341	0000201342
セキ	0000205537	0000205538	0000205539	0000205540	0000205541	0000205542	0000205543	0000205544	0000205545	0000205546	0000205547	0000205548	0000205549	0000205550	0000205551	0000205552	0000205553	0000205554	0000205555	0000205556	0000205557	0000205558	0000205559	0000205560	0000205561
セチ	0000206584
セツ	0000206616	0000206617	0000206618	0000206619	0000206620	0000206621	0000206622	0000206623	0000206624	0000206625	0000206626	0000206627	0000206628	0000206629	0000206630	0000206631
セン	0000208912	0000208913	0000208914	0000208915	0000208916	0000208917	0000208918	0000208919	0000208920	0000208921	0000208922	0000208923	0000208924	0000208925	0000208926	0000208927	0000208928	0000208929	0000208930	0000208931	0000208932	0000208933	0000208934	0000208935	0000208936	0000208937	0000208938	0000208939	0000208940	0000208941	0000208942	0000208943	0000208944	0000208945	0000208946	0000208947	0000208948	0000208949	0000208950	0000208951	0000208952	0000208953	0000208954	0000208955	0000208956	0000208957	0000208958	0000208959	0000208960
ゼ	0000201285
ゼイ	0000201363	0000201364	0000201365	0000201366	0000201367
ゼツ	0000206640	0000206641
ゼン	0000208982	0000208983	0000208984	0000208985	0000208986	0000208987	0000208988	0000208989	0000208990	0000208991
ソ	0000212469	0000212470	0000212471	0000212472	0000212473	0000212474	0000212475	0000212476	0000212477	0000212478	0000212479	0000212480	0000212481	0000212482	0000212483	0000212484	0000212485	0000212486	0000212487	0000212488	0000212489	0000212490	0000212491	0000212492	0000212493
ソウ	0000212578	0000212579	0000212580	0000212581	0000212582	0000212583	0000212584	0000212585	0000212586	0000212587	0000212588	0000212589	0000212590	0000212591	0000212592	0000212593	0000212594	0000212595	0000212596	0000212597	0000212598	0000212599	0000212600	0000212601	0000212602	0000212603	0000212604	0000212605	0000212606	0000212607	0000212608	0000212609	0000212610	0000212611	0000212612	0000212613	0000212614	0000212615	0000212616	0000212617	0000212618	0000212619	0000212620	0000212621	0000212622	0000212623	0000212624	0000212625	0000212626	0000212627	0000212628	0000212629	0000212630	0000212631	0000212632	0000212633	0000212634	0000212635	0000212636	0000212637	0000212638	0000212639	0000212640	0000212641
ソク	0000215373	0000215374	0000215375	0000215376	0000215377	0000215378	0000215379	0000215380	0000215381	0000215382	0000215383	0000215384	0000215385	0000215386
ソツ	0000216461	0000216462	0000216463
ソン	0000218235	0000218236	0000218237	0000218238	0000218239	0000218240	0000218241
ゾウ	0000212679	0000212680	0000212681	0000212682	0000212683	0000212684	0000212685	0000212686	0000212687	0000212688	0000212689
ゾク	0000215398	0000215399	0000215400	0000215401	0000215402	0000215403
ゾン	0000218248
タ	0000218583	0000218584	0000218585	0000218586
タイ	0000219030	0000219031	0000219032	0000219033	0000219034	0000219035	0000219036	0000219037	0000219038	0000219039	0000219040	0000219041	0000219042	0000219043	0000219044	0000219045	0000219046	0000219047	0000219048	0000219049	0000219050	0000219051	0000219052	0000219053	0000219054	0000219055
タク	0000225067	0000225068	0000225069	0000225070	0000225071	0000225072	0000225073	0000225074	0000225075	0000225076	0000225077	0000225078	0000225079	0000225080
タツ	0000227089	0000227090
タン	0000231065	0000231066	0000231067	0000231068	0000231069	0000231070	0000231071	0000231072	0000231073	0000231074	0000231075	0000231076	0000231077	0000231078	0000231079	0000231080	0000231081	0000231082	0000231083	0000231084	0000231085	0000231086	0000231087	0000231088	0000231089	0000231090	0000231091	0000231092	0000231093	0000231094
ダ	0000218598	0000218599	0000218600	0000218601	0000218602	0000218603	0000218604	0000218605	0000218606	0000218607	0000218608	0000218609	0000218610
ダイ	0000219071	0000219072	0000219073	0000219074	0000219075	0000219076	0000219077	0000219078
ダク	0000225096	0000225097
ダツ	0000227103	0000227104
ダン	0000231106	0000231107	0000231108	0000231109	0000231110	0000231111	0000231112	0000231113	0000231114	0000231115	0000231116
チ	0000233116	0000233117	0000233118	0000233119	0000233120	0000233121	0000233122	0000233123	0000233124	0000233125	0000233126	0000233127	0000233128	0000233129	0000233130	0000233131	0000233132	0000233133	0000233134
チク	0000234313	0000234314	0000234315	0000234316	0000234317	0000234318
チツ	0000235196	0000235197	0000235198	0000235199	0000235200
チャ	0000236049
チャク	0000236317	0000236318	0000236319	0000236320
チュウ	0000237053	0000237054	0000237055	0000237056	0000237057	0000237058	0000237059	0000237060	0000237061	0000237062	0000237063	0000237064	0000237065	0000237066	0000237067	0000237068	0000237069	0000237070	0000237071	0000237072	0000237073	0000237074	0000237075	0000237076
チョ	0000238510	0000238511	0000238512	0000238513	0000238514	0000238515
チョウ	0000238538	0000238539	0000238540	0000238541	0000238542	0000238543	0000238544	0000238545	0000238546	0000238547	0000238548	0000238549	0000238550	0000238551	0000238552	0000238553	0000238554	0000238555	0000238556	0000238557	0000238558	0000238559	0000238560	0000238561	0000238562	0000238563	0000238564	0000238565	0000238566	0000238567	0000238568	0000238569	0000238570	0000238571	0000238572	0000238573	0000238574	0000238575	0000238576	0000238577
チョク	0000240290	0000240291	0000240292	0000240293
チン	0000241187	0000241188	0000241189	0000241190	0000241191	0000241192	0000241193	0000241194
ツ	0000241605	0000241606
ツイ	0000241650	0000241651	0000241652	0000241653	0000241654	0000241655
ツウ	0000241985	0000241986
テイ	0000245946	0000245947	0000245948	0000245949	0000245950	0000245951	0000245952	0000245953	0000245954	0000245955	0000245956	0000245957	0000245958	0000245959	0000245960	0000245961	0000245962	0000245963	0000245964	0000245965	0000245966	0000245967	0000245968	0000245969	0000245970	0000245971	0000245972	0000245973	0000245974	0000245975	0000245976	0000245977	0000245978	0000245979	0000245980	0000245981	0000245982	0000245983	0000245984	0000245985	0000245986
テキ	0000249571	0000249572	0000249573	0000249574	0000249575	0000249576	0000249577	0000249578	0000249579	0000249580	0000249581
テツ	0000250836	0000250837	0000250838	0000250839	0000250840	0000250841	0000250842	0000250843
テン	0000253121	0000253122	0000253123	0000253124	0000253125	0000253126	0000253127	0000253128	0000253129	0000253130	0000253131	0000253132	0000253133	0000253134	0000253135	0000253136	0000253137	0000253138	0000253139
デ	0000245867
デイ	0000245999
デキ	0000249590
デン	0000253151	0000253152	0000253153	0000253154	0000253155	0000253156
ト	0000256084	0000256085	0000256086	0000256087	0000256088	0000256089	0000256090	0000256091	0000256092	0000256093	0000256094	0000256095	0000256096	0000256097	0000256098	0000256099	0000256100	0000256101	0000256102	0000256103	0000256104
トウ	0000256357	0000256358	0000256359	0000256360	0000256361	0000256362	0000256363	0000256364	0000256365	0000256366	0000256367	0000256368	0000256369	0000256370	0000256371	0000256372	0000256373	0000256374	0000256375	0000256376	0000256377	0000256378	0000256379	0000256380	0000256381	0000256382	0000256383	0000256384	0000256385	0000256386	0000256387	0000256388	0000256389	0000256390	0000256391	0000256392	0000256393	0000256394	0000256395	0000256396	0000256397	0000256398	0000256399	0000256400	0000256401	0000256402	0000256403	0000256404	0000256405	0000256406	0000256407	0000256408	0000256409	0000256410
トク	0000261601	0000261602	0000261603	0000261604	0000261605	0000261606	0000261607	0000261608	0000261609	0000261610
トツ	0000263947	0000263948	0000263949	0000263950	0000263951
トン	0000269191	0000269192	0000269193	0000269194	0000269195	0000269196
ド	0000256126	0000256127	0000256128	0000256129	0000256130	0000256131
ドウ	0000256440	0000256441	0000256442	0000256443	0000256444	0000256445	0000256446	0000256447	0000256448	0000256449	0000256450	0000256451	0000256452	0000256453	0000256454
ドク	0000261620	0000261621	0000261622	0000261623
ドン	0000269202	0000269203	0000269204	0000269205	0000269206
ナ	0000269740	0000269741	0000269742	0000269743
ナイ	0000269829	0000269830
ナッ	0000273210
ナツ	0000273211
ナン	0000275604	0000275605	0000275606	0000275607	0000275608
ニ	0000276416	0000276417	0000276418
ニク	0000277056	0000277057
ニチ	0000278517
ニャ	0000280987
ニャク	0000281006
ニュウ	0000281072	0000281073	0000281074
ニョ	0000281779
ニョウ	0000281793	0000281794	0000281795
ニン	0000282146	0000282147	0000282148	0000282149	0000282150
ヌ	0000282682
ネイ	0000283443	0000283444
ネツ	0000284469	0000284470
ネン	0000285566	0000285567	0000285568	0000285569	0000285570	0000285571	0000285572	0000285573
ノウ	0000286024	0000286025	0000286026	0000286027	0000286028	0000286029	0000286030	0000286031	0000286032
ハ	0000288641	0000288642	0000288643	0000288644	0000288645	0000288646	0000288647	0000288648	0000288649	0000288650
ハイ	0000289937	0000289938	0000289939	0000289940	0000289941	0000289942	0000289943	0000289944	0000289945	0000289946	0000289947	0000289948	0000289949	0000289950	0000289951	0000289952	0000289953	0000289954
ハク	0000292808	0000292809	0000292810	0000292811	0000292812	0000292813	0000292814	0000292815	0000292816	0000292817	0000292818	0000292819	0000292820	0000292821	0000292822	0000292823
ハチ	0000295874	0000295875
ハッ	0000296401
ハツ	0000296403	0000296404	0000296405	0000296406	0000296407	0000296408
ハン	0000303615	0000303616	0000303617	0000303618	0000303619	0000303620	0000303621	0000303622	0000303623	0000303624	0000303625	0000303626	0000303627	0000303628	0000303629	0000303630	0000303631	0000303632	0000303633	0000303634	0000303635	0000303636	0000303637	0000303638	0000303639	0000303640	0000303641	0000303642	0000303643	0000303644	0000303645
バ	0000288665	0000288666	0000288667
バイ	0000289968	0000289969	0000289970	0000289971	0000289972	0000289973	0000289974	0000289975	0000289976	0000289977	0000289978	0000289979	0000289980
バク	0000292846	0000292847	0000292848	0000292849	0000292850	0000292851	0000292852	0000292853	0000292854	0000292855	0000292856	0000292857	0000292858
バチ	0000295882	0000295883
バツ	0000296416	0000296417	0000296418	0000296419	0000296420	0000296421	0000296422
バン	0000303659	0000303660	0000303661	0000303662	0000303663	0000303664	0000303665	0000303666	0000303667	0000303668
ヒ	0000306051	0000306052	0000306053	0000306054	0000306055	0000306056	0000306057	0000306058	0000306059	0000306060	0000306061	0000306062	0000306063	0000306064	0000306065	0000306066	0000306067	0000306068	0000306069	0000306070	0000306071	0000306072	0000306073	0000306074	0000306075	0000306076	0000306077	0000306078	0000306079	0000306080	0000306081	0000306082	0000306083
ヒツ	0000311688	0000311689	0000311690	0000311691	0000311692	0000311693	0000311694	0000311695
ヒャク	0000314980	0000314981
ヒョウ	0000315741	0000315742	0000315743	0000315744	0000315745	0000315746	0000315747	0000315748	0000315749	0000315750	0000315751	0000315752	0000315753	0000315754
ヒン	0000318128	0000318129	0000318130	0000318131	0000318132	0000318133	0000318134	0000318135	0000318136	0000318137	0000318138
ビ	0000306111	0000306112	0000306113	0000306114	0000306115	0000306116	0000306117	0000306118	0000306119	0000306120	0000306121
ビャク	0000314989	0000314990
ビュウ	0000315461
ビョウ	0000315771	0000315772	0000315773	0000315774	0000315775	0000315776	0000315777	0000315778	0000315779
ビン	0000318145	0000318146	0000318147	0000318148	0000318149	0000318150	0000318151	0000318152
フ	0000318664	0000318665	0000318666	0000318667	0000318668	0000318669	0000318670	0000318671	0000318672	0000318673	0000318674	0000318675	0000318676	0000318677	0000318678	0000318679	0000318680	0000318681	0000318682	0000318683	0000318684	0000318685	0000318686	0000318687	0000318688	0000318689	0000318690	0000318691	0000318692	0000318693	0000318694	0000318695	0000318696	0000318697	0000318698
フウ	0000320575	0000320576	0000320577	0000320578	0000320579
フク	0000323165	0000323166	0000323167	0000323168	0000323169	0000323170	0000323171	0000323172	0000323173	0000323174	0000323175
フツ	0000326412	0000326413	0000326414	0000326415	0000326416
フン	0000334131	0000334132	0000334133	0000334134	0000334135	0000334136	0000334137	0000334138	0000334139	0000334140	0000334141	0000334142	0000334143	0000334144
ブ	0000318726	0000318727	0000318728	0000318729	0000318730	0000318731	0000318732	0000318733	0000318734	0000318735	0000318736	0000318737	0000318738
ブツ	0000326419	0000326420
ブン	0000334150	0000334151	0000334152	0000334153
ヘイ	0000335370	0000335371	0000335372	0000335373	0000335374	0000335375	0000335376	0000335377	0000335378	0000335379	0000335380	0000335381	0000335382	0000335383	0000335384	0000335385	0000335386	0000335387	0000335388	0000335389
ヘキ	0000336758	0000336759	0000336760	0000336761	0000336762	0000336763	0000336764
ヘン	0000339464	0000339465	0000339466	0000339467	0000339468	0000339469	0000339470	0000339471	0000339472	0000339473	0000339474	0000339475
ベイ	0000335398	0000335399	0000335400
ベツ	0000337353	0000337354	0000337355
ベン	0000339485	0000339486	0000339487	0000339488	0000339489	0000339490
ホ	0000340521	0000340522	0000340523	0000340524	0000340525	0000340526	0000340527	0000340528	0000340529	0000340530	0000340531	0000340532	0000340533	0000340534
ホウ	0000340835	0000340836	0000340837	0000340838	0000340839	0000340840	0000340841	0000340842	0000340843	0000340844	0000340845	0000340846	0000340847	0000340848	0000340849	0000340850	0000340851	0000340852	0000340853	0000340854	0000340855	0000340856	0000340857	0000340858	0000340859	0000340860	0000340861	0000340862	0000340863	0000340864	0000340865	0000340866	0000340867	0000340868	0000340869	0000340870	0000340871	0000340872	0000340873	0000340874	0000340875	0000340876	0000340877	0000340878
ホク	0000344613
ホッ	0000346720
ホツ	0000346721
ホン	0000349642	0000349643	0000349644	0000349645	0000349646
ボ	0000340548	0000340549	0000340550	0000340551	0000340552	0000340553	0000340554	0000340555	0000340556	0000340557
ボウ	0000340890	0000340891	0000340892	0000340893	0000340894	0000340895	0000340896	0000340897	0000340898	0000340899	0000340900	0000340901	0000340902	0000340903	0000340904	0000340905	0000340906	0000340907	0000340908	0000340909	0000340910	0000340911	0000340912	0000340913	0000340914	0000340915	0000340916	0000340917	0000340918	0000340919	0000340920	0000340921	0000340922	0000340923
ボク	0000344617	0000344618	0000344619	0000344620	0000344621	0000344622	0000344623	0000344624	0000344625	0000344626
ボツ	0000346722	0000346723	0000346724
ボン	0000349651	0000349652	0000349653	0000349654
マ	0000350800	0000350801	0000350802	0000350803	0000350804
マイ	0000351125	0000351126	0000351127	0000351128	0000351129	0000351130	0000351131	0000351132
マク	0000352720	0000352721
マツ	0000354585	0000354586	0000354587	0000354588
マン	0000358258	0000358259	0000358260	0000358261	0000358262	0000358263	0000358264	0000358265
ミ	0000359008	0000359009	0000359010	0000359011
ミツ	0000361636	0000361637
ミャク	0000363958
ミョウ	0000364592	0000364593	0000364594
ミン	0000365360	0000365361	0000365362	0000365363
ム	0000365729	0000365730	0000365731	0000365732	0000365733	0000365734	0000365735
メ	0000368639
メイ	0000368673	0000368674	0000368675	0000368676	0000368677	0000368678	0000368679	0000368680	0000368681	0000368682	0000368683	0000368684	0000368685	0000368686
メツ	0000370804
メン	0000371760	0000371761	0000371762	0000371763	0000371764	0000371765
モ	0000372157	0000372158	0000372159	0000372160
モウ	0000372232	0000372233	0000372234	0000372235	0000372236	0000372237	0000372238	0000372239	0000372240	0000372241	0000372242	0000372243	0000372244
モク	0000373021	0000373022	0000373023	0000373024
モツ	0000373880	0000373881
モン	0000375939	0000375940	0000375941	0000375942	0000375943
ヤ	0000376503	0000376504	0000376505	0000376506	0000376507	0000376508	0000376509
ヤク	0000377043	0000377044	0000377045	0000377046	0000377047	0000377048	0000377049	0000377050	0000377051
ユ	0000380709	0000380710	0000380711	0000380712	0000380713	0000380714	0000380715	0000380716	0000380717
ユイ	0000380760	0000380761	0000380762
ユウ	0000380860	0000380861	0000380862	0000380863	0000380864	0000380865	0000380866	0000380867	0000380868	0000380869	0000380870	0000380871	0000380872	0000380873	0000380874	0000380875	0000380876	0000380877	0000380878	0000380879	0000380880	0000380881	0000380882	0000380883	0000380884	0000380885	0000380886
ヨ	0000384873	0000384874	0000384875	0000384876	0000384877	0000384878
ヨウ	0000385040	0000385041	0000385042	0000385043	0000385044	0000385045	0000385046	0000385047	0000385048	0000385049	0000385050	0000385051	0000385052	0000385053	0000385054	0000385055	0000385056	0000385057	0000385058	0000385059	0000385060	0000385061	0000385062	0000385063	0000385064	0000385065	0000385066	0000385067	0000385068	0000385069	0000385070	0000385071	0000385072	0000385073	0000385074	0000385075	0000385076	0000385077	0000385078
ヨク	0000386394	0000386395	0000386396	0000386397	0000386398	0000386399	0000386400	0000386401
ラ	0000389117	0000389118	0000389119	0000389120	0000389121
ライ	0000389247	0000389248	0000389249	0000389250	0000389251	0000389252
ラク	0000390155	0000390156	0000390157	0000390158	0000390159	0000390160
ラチ	0000390938
ラツ	0000390976	0000390977	0000390978
ラン	0000392052	0000392053	0000392054	0000392055	0000392056	0000392057	0000392058	0000392059	0000392060	0000392061	0000392062	0000392063	0000392064	0000392065
リ	0000392713	0000392714	0000392715	0000392716	0000392717	0000392718	0000392719	0000392720	0000392721	0000392722	0000392723	0000392724	0000392725	0000392726	0000392727	0000392728
リキ	0000393342
リク	0000393441	0000393442	0000393443
リチ	0000394239
リツ	0000394285	0000394286	0000394287	0000394288	0000394289
リャク	0000395367	0000395368
リュウ	0000395457	0000395458	0000395459	0000395460	0000395461	0000395462	0000395463	0000395464	0000395465	0000395466	0000395467
リョ	0000396260	0000396261	0000396262	0000396263	0000396264	0000396265
リョウ	0000396271	0000396272	0000396273	0000396274	0000396275	0000396276	0000396277	0000396278	0000396279	0000396280	0000396281	0000396282	0000396283	0000396284	0000396285	0000396286	0000396287	0000396288	0000396289	0000396290	0000396291	0000396292	0000396293	0000396294	0000396295	0000396296	0000396297	0000396298	0000396299	0000396300	0000396301	0000396302
リョク	0000397091	0000397092
リン	0000397402	0000397403	0000397404	0000397405	0000397406	0000397407	0000397408	0000397409	0000397410	0000397411	0000397412	0000397413	0000397414	0000397415	0000397416	0000397417	0000397418	0000397419	0000397420	0000397421
ル	0000398073	0000398074	0000398075	0000398076
ルイ	0000398099	0000398100	0000398101	0000398102	0000398103
レイ	0000399245	0000399246	0000399247	0000399248	0000399249	0000399250	0000399251	0000399252	0000399253	0000399254	0000399255	0000399256	0000399257	0000399258	0000399259	0000399260	0000399261	0000399262
レキ	0000400244	0000400245	0000400246	0000400247	0000400248
レツ	0000400724	0000400725	0000400726	0000400727
レン	0000401467	0000401468	0000401469	0000401470	0000401471	0000401472	0000401473	0000401474	0000401475	0000401476	0000401477	0000401478	0000401479	0000401480
ロ	0000402045	0000402046	0000402047	0000402048	0000402049	0000402050	0000402051	0000402052	0000402053	0000402054	0000402055
ロウ	0000402192	0000402193	0000402194	0000402195	0000402196	0000402197	0000402198	0000402199	0000402200	0000402201	0000402202	0000402203	0000402204	0000402205	0000402206	0000402207	0000402208	0000402209	0000402210
ロク	0000403515	0000403516	0000403517	0000403518	0000403519	0000403520	0000403521	0000403522	0000403523
ロン	0000405097	0000405098
ワ	0000405404	0000405405	0000405406
ワイ	0000405571	0000405572	0000405573	0000405574	0000405575
ワク	0000406794	0000406795
ワン	0000408747	0000408748	0000408749
一	0000023366	0000024437
丁	0000238542	0000245946
七	0000164362	0000164798
万	0000303659	0000358259
丈	0000178752
三	0000151637
上	0000178604	0000178751
下	0000063272	0000113788
不	0000318667	0000318726
与	0000384873
丑	0000237053
且	0000178481
世	0000201273	0000201305
丘	0000094731	0000103577
丙	0000335372
丞	0000178755
両	0000396276
並	0000335376
中	0000172729	0000237054
丸	0000083305
丹	0000231070
主	0000172558	0000192200
乃	0000219073	0000269829
久	0000094727	0000103577
乎	0000121751
乏	0000340894
乗	0000178760
乘	0000178760
乙	0000024438	0000057741
九	0000094726	0000103577
乞	0000091293	0000134700
乱	0000392052	0000405097
乳	0000281074
乾	0000083204	0000118734
亀	0000087227
亂	0000392052
了	0000396275
予	0000384874
争	0000212584
事	0000155699	0000192218
二	0000155686	0000276416
云	0000038532
互	0000121813
五	0000121812
井	0000178605	0000201304
亘	0000122503
些	0000141598
亜	0000000001
亞	0000000001
亡	0000340893	0000372232
亢	0000122493
交	0000122504
亥	0000063976
亨	0000096571	0000122513
享	0000096580
京	0000096581	0000113849
亭	0000245957
亮	0000396278
人	0000187639	0000282146
什	0000172715
仁	0000187641	0000282146
仄	0000215375
仇	0000094730
今	0000101332	0000139936
介	0000063905
仏	0000326412	0000326419
仔	0000155580
仕	0000155579	0000155687
他	0000218584
仗	0000178754
付	0000318670
仙	0000208915
仝	0000256440
代	0000219030	0000219075
令	0000396271	0000399245
以	0000018196
仮	0000063280	0000113764
仰	0000096647	0000122485	0000122639
仲	0000237055
件	0000118736
任	0000282147
企	0000087200
伊	0000018197
伍	0000121815
伎	0000087261	0000087304
伏	0000323165
伐	0000296417
休	0000094733
会	0000038990	0000063906
伝	0000253121	0000253153
伯	0000292809
伴	0000303622	0000303660
伶	0000399247
伸	0000187569
伺	0000155593
似	0000155697
伽	0000063282	0000063349	0000093527
佇	0000238511
位	0000018200
低	0000245949
住	0000172719
佐	0000141599
佑	0000380865
体	0000219033	0000245947
何	0000063281
余	0000384875
佚	0000024439
佛	0000326419
作	0000141593	0000145791
佞	0000283443
佩	0000289937
佳	0000063285
併	0000335375
使	0000155598
侃	0000083192
來	0000389248
例	0000399251
侍	0000155569	0000155700
侑	0000380868
供	0000096582	0000103579
依	0000018203	0000038989
侠	0000096586
価	0000063284
侫	0000283443
侮	0000318731
侯	0000122529
侵	0000187576
侶	0000396260
便	0000318145	0000339486
係	0000113857
促	0000215379
俄	0000063356
俊	0000177670
俎	0000212475
俗	0000215398
俘	0000318679
俚	0000392717
保	0000340524
俠	0000096586
信	0000187575
修	0000172554	0000172665
俯	0000318683
俱	0000103580	0000103608
俳	0000289943
俵	0000315745
俸	0000340854
倉	0000212594
個	0000121765
倍	0000289970
倒	0000256371
倖	0000122547
候	0000122546
借	0000169689	0000170427
倣	0000340853
値	0000233123
倦	0000118744
倫	0000397408
倭	0000405405
倹	0000118743
假	0000063280
偉	0000018217
偏	0000339469
偕	0000063921
停	0000245969
健	0000118750
側	0000215384
偵	0000245970
偶	0000104029
偸	0000256381
偽	0000087309
傅	0000318688
傍	0000340836	0000340913
傑	0000117162
傘	0000151645
備	0000306116
催	0000142073
傭	0000385060
傲	0000122648
傳	0000253153
債	0000142072
傷	0000178661
傾	0000113880
僅	0000101349
僊	0000208915
働	0000256447
像	0000212683
僑	0000096603
僕	0000344623
僚	0000396291
僞	0000087309
僧	0000212609
僭	0000208939
價	0000063284
僻	0000336760
儀	0000087313
億	0000055563
儉	0000118743
儒	0000172595
償	0000178683
優	0000031125	0000380886
儲	0000238515
允	0000029431
元	0000083304	0000118807
兄	0000096570	0000113850
充	0000172717
兆	0000238545
兇	0000096573
先	0000208917
光	0000122505
克	0000130004
免	0000371760
兎	0000256089
児	0000155698
兒	0000155698
党	0000256372
兜	0000256095	0000256359
兢	0000096604
入	0000172585	0000281073
全	0000208982
兩	0000396276
八	0000295874	0000296403
公	0000103578	0000122494
六	0000393441	0000403518
共	0000096574
兵	0000315741	0000335374
具	0000103607
典	0000253124
兼	0000118745
内	0000219071	0000269830
円	0000047891
冊	0000145790	0000147949
再	0000141592	0000142050
冑	0000237063
冒	0000340905
冗	0000178753
写	0000169690
冠	0000083195
冤	0000047901
冥	0000364592	0000368677
冨	0000318689
冬	0000256362
冰	0000315743
冲	0000237057
决	0000117158
况	0000096585
冶	0000376503
冷	0000399248
凄	0000201321
准	0000177689
凉	0000396283
凋	0000238549
凌	0000396279
凍	0000256373
凛	0000397414
凜	0000397414
凝	0000096651
几	0000087199
凡	0000303615	0000349652
処	0000178482
凱	0000063983
凶	0000096572
凸	0000263947
凹	0000049952
出	0000176454	0000192249
函	0000083193
凾	0000083193
刀	0000256361
刃	0000187640	0000282146
刄	0000187640
分	0000318727	0000334131	0000334150
切	0000142044	0000206618
刊	0000083184
刎	0000334132
刑	0000096645	0000113851
列	0000400724
初	0000178483
判	0000303623	0000303660
別	0000337353
利	0000392714
刮	0000074492
到	0000256369
制	0000201311
刷	0000147951
券	0000118738
刹	0000147952	0000206616
刺	0000155599
刻	0000130007
剃	0000245958
則	0000215380
削	0000145792
剋	0000130009
前	0000208983
剔	0000249574
剖	0000340907
剛	0000122645
剝	0000292815
剣	0000118746
剤	0000142101
剩	0000178764
剪	0000208929
副	0000323167
剰	0000178764
割	0000074497
創	0000212603
剽	0000315750
劃	0000068754
劇	0000116322
劈	0000336761
劍	0000118746
劑	0000142101
劒	0000118746
劔	0000118746
力	0000393342	0000397091
功	0000103578	0000122497
加	0000063276
劣	0000400725
助	0000178512
努	0000256128
劫	0000122643
励	0000399249
労	0000402195
効	0000122521
劾	0000063977
勁	0000113858
勃	0000346724
勅	0000240291
勇	0000380869
勉	0000339488
動	0000256443
勘	0000083205
務	0000365732
勝	0000178647
勞	0000402195
募	0000340553
勢	0000201331
勤	0000101345	0000139968
勧	0000083224
勲	0000113232
勳	0000113232
勵	0000399249
勸	0000083224
勺	0000170423
勾	0000122495
包	0000340838
化	0000063273	0000113764
北	0000344613
匠	0000178612
匡	0000096575
匪	0000306065
匹	0000311688
区	0000103582
医	0000018202
匿	0000261603
區	0000103582
十	0000164818	0000172714
千	0000208913
卆	0000216462
升	0000178609
午	0000121814
卉	0000087201
半	0000303617
卑	0000306063
卒	0000176453	0000216462
卓	0000225072
協	0000096583
南	0000269740	0000275606
単	0000231076
博	0000292818	0000292846
卜	0000344618
占	0000208916
卯	0000340895
印	0000029433
危	0000087202
即	0000215376
却	0000093544
卵	0000392053
卷	0000083200
卻	0000093544
卿	0000096570	0000113874
厄	0000377044
厘	0000397407
厚	0000122530
原	0000118814
厨	0000192219	0000237070
厩	0000094756
厭	0000047918	0000062210
厳	0000118823	0000139967
去	0000096526	0000121748
参	0000151640	0000187565
參	0000151640
叉	0000141596	0000169688
及	0000094729
友	0000380862
双	0000212580
反	0000231065	0000303616	0000349642
収	0000172654
叔	0000175545
取	0000172561
受	0000172589
叙	0000178515
叛	0000303628	0000349642
叟	0000212593
叡	0000039216
叢	0000212637
口	0000103578	0000122491
古	0000121752
句	0000103583
叩	0000122498
只	0000155583
叫	0000096576
召	0000178611
可	0000063277
台	0000219030	0000219076
史	0000155582
右	0000031127	0000380860
号	0000122641
司	0000155581	0000192199
吃	0000091294
各	0000068740
合	0000074490	0000074516	0000122486	0000122642
吉	0000091165	0000091292
同	0000256440
名	0000364592	0000368673
后	0000121808	0000122507
吏	0000392713
吐	0000256088
向	0000096571	0000122506
君	0000113230
吝	0000397405
吞	0000269202
吟	0000101371
否	0000306055	0000318664
含	0000083306
吶	0000263948
吸	0000094734
吹	0000192251
吻	0000334133
吾	0000121817
呂	0000396265	0000402045
呆	0000340839	0000340892
呈	0000245950
呉	0000121816
告	0000122487	0000130005
周	0000172658
呪	0000172590
味	0000359010
呵	0000063286
呻	0000187574
呼	0000121753
命	0000364592	0000368674
咀	0000212470
咄	0000263949
和	0000049474	0000063271	0000405404
咎	0000094742
咒	0000172590
咫	0000155606
咳	0000063978
咽	0000029435	0000043451	0000047889
哀	0000000815
品	0000318129	0000349643
哄	0000122531
哉	0000142054
員	0000029438
哨	0000178627
哭	0000130010
哲	0000250838
哺	0000340525
唄	0000289971
唆	0000141603
唇	0000187579
唐	0000256374
唖	0000000003
唯	0000018194	0000380762
唱	0000178638
唾	0000218604
啄	0000225074
商	0000178637
問	0000375942
啓	0000113868
啖	0000231079
啞	0000000003
啼	0000245973
喀	0000068750
善	0000208985
喉	0000122564
喊	0000083211
喘	0000208986
喚	0000083210
喜	0000087228
喝	0000074495
喧	0000118755
喩	0000380712
喪	0000212604
喫	0000091297
喬	0000096602
單	0000231076
営	0000039210
嗅	0000094757
嗚	0000049477
嗜	0000155627
嗟	0000141607
嗣	0000155626
嗽	0000212615
嗾	0000212614
嘆	0000231084
嘉	0000063306
嘔	0000049964
嘗	0000178666
嘩	0000063315
嘯	0000178679
嘱	0000183745
嘲	0000238569
器	0000087247
噴	0000334140
嚇	0000068761
嚢	0000286032
嚮	0000096612
嚴	0000118823
囂	0000122652
囊	0000286032
囑	0000183745
囘	0000063907
囚	0000172653
四	0000155584
回	0000038990	0000063907
因	0000029434
団	0000231106	0000269191
困	0000139937
囲	0000018201
図	0000192220	0000256085
固	0000121754
国	0000130008
圀	0000130008
圃	0000340526
圈	0000118756
國	0000130008
圍	0000018201
圏	0000118756
園	0000047911	0000062210
圓	0000047891
圖	0000192220
團	0000231106
土	0000256084	0000256126
圧	0000009722
在	0000142099
圭	0000113852
地	0000155688	0000233120
址	0000155594
坂	0000303624
均	0000101338
坊	0000340897
坐	0000141628
坑	0000122514
坤	0000139938
坦	0000231072
垂	0000192252
型	0000113859
垢	0000103578	0000122532
垣	0000047897
埃	0000000816
埋	0000351131
城	0000178761	0000201302
埒	0000390938	0000390976
埓	0000390938
域	0000020226
執	0000164803	0000172652
培	0000289973
基	0000087222
埼	0000087262
堂	0000256444
堅	0000118757
堆	0000219044	0000241650
堊	0000000004
堕	0000218606
堡	0000340866
堤	0000245974
堪	0000083212	0000231068
堯	0000096648
報	0000340865
場	0000178767
堵	0000256097
塀	0000335382
塁	0000398101
塊	0000063928
塑	0000212488
塔	0000256388
塗	0000256100
塚	0000238557
塞	0000142079	0000215373
塡	0000253133
塩	0000047917
填	0000253133
塵	0000187651
塾	0000175559
境	0000096605	0000113849
墓	0000340554
増	0000212684
墜	0000241654
墟	0000096539
墨	0000344624
墮	0000218606
墳	0000334141
墺	0000049966
墻	0000178685
墾	0000139950
壁	0000336762
壅	0000385071
壇	0000231066	0000231114
壊	0000038990	0000063934
壌	0000178771
壓	0000009722
壕	0000122650
壘	0000398101
壞	0000063934
壟	0000402206
壤	0000178771
士	0000155572	0000155687
壬	0000187642
壮	0000212582
壯	0000212582
声	0000178605	0000201310
壱	0000023367	0000024437
売	0000289969	0000351126
壷	0000121768
壹	0000023367
壺	0000121768
壻	0000201327
壽	0000172588
変	0000339468
夏	0000063292	0000113788
夕	0000205540
外	0000063975	0000113790
夘	0000340895
夙	0000175544
多	0000218585
夜	0000376504
夢	0000365734
大	0000219030	0000219074
天	0000253123
太	0000218583	0000219032
夫	0000318668	0000320575
夭	0000385042
央	0000049953
失	0000164800
夷	0000018198
夾	0000096577
奄	0000047892
奇	0000087210
奈	0000269743
奉	0000318728	0000340844
奎	0000113860
奏	0000212587
契	0000113861
奔	0000349645
套	0000256375
奠	0000253132	0000253151
奢	0000169703
奥	0000049963
奧	0000049963
奨	0000178662
奪	0000227104
奬	0000178662
奮	0000334143
女	0000178509	0000281779	0000281793
奴	0000256127	0000282682
奸	0000083186
好	0000122508
如	0000178510	0000281779
妃	0000306054
妄	0000340891	0000372234
妊	0000282148
妓	0000087305
妖	0000385047
妙	0000364594
妥	0000218601
妨	0000340898
妬	0000256092
妹	0000351128
妻	0000142052
妾	0000178617
姉	0000155601
始	0000155600
姑	0000121755
姓	0000178605	0000201312
委	0000018204
姙	0000282148
姦	0000083196
姫	0000087215
姻	0000029436
姿	0000155607
威	0000018206
娑	0000141595	0000169697
娘	0000178763
娠	0000187580
娩	0000339489
娯	0000121819
娶	0000172568
娼	0000178639
婆	0000288666
婉	0000047904
婚	0000139943
婢	0000306069
婦	0000318686
婪	0000392054
婿	0000201327
媒	0000289975
媚	0000306117
媛	0000047908
嫁	0000063301
嫉	0000164806
嫌	0000118761	0000118804
嫡	0000236320	0000249571
嬉	0000087248
嬌	0000096606
嬖	0000335388
嬢	0000178772
嬪	0000318135
嬰	0000039219
孃	0000178772
子	0000155573	0000192199
孔	0000103578	0000122496
孕	0000385044
字	0000155691
存	0000218235	0000218248
孝	0000096571	0000122515
孟	0000372235
季	0000087212
孤	0000121760
学	0000068792
孩	0000063979
孫	0000218237
孵	0000318692
學	0000068792
孺	0000172597
宅	0000225068
宇	0000031128
守	0000172559	0000192200
安	0000016656
宋	0000212585
完	0000083189
宏	0000122516
宗	0000172659	0000212578
官	0000083194
宙	0000237059
定	0000178750	0000245953
宛	0000047893
宜	0000087307
宝	0000340845
実	0000164820
客	0000068739	0000093545
宣	0000208919
室	0000164801
宥	0000380870
宮	0000094748	0000103577	0000104028
宰	0000142057
害	0000063980
宴	0000047902
宵	0000178628
家	0000063293	0000113764
宸	0000187581
容	0000385052
宿	0000175547	0000195295
寂	0000170448	0000205538
寃	0000047901
寄	0000087223
寅	0000029441
密	0000361636
寇	0000122560
富	0000318689	0000320575
寐	0000306118
寒	0000083223
寓	0000104030
寛	0000083225
寝	0000187596
寞	0000292851
察	0000147954
寡	0000063307
寢	0000187596
寥	0000396292
實	0000164820
寧	0000283444
審	0000187604
寫	0000169690
寮	0000396295
寳	0000340845
寵	0000238577
寶	0000340845
寸	0000201144
寺	0000155692
対	0000219034	0000241650
寿	0000172588
封	0000320576	0000340835
専	0000208920
射	0000169698
尅	0000130009
将	0000178629
將	0000178629
專	0000208920
尉	0000018211
尊	0000218238
尋	0000187648
對	0000219034
導	0000256450
小	0000178608
少	0000178610
尖	0000208918
尚	0000178625
尤	0000380863
尭	0000096648
就	0000172586	0000172672
尸	0000155574
尺	0000170424	0000205537
尼	0000276417
尽	0000187643
尾	0000306112
尿	0000281794
局	0000099192
屁	0000306056
居	0000096528	0000121748
屈	0000106675
屋	0000055562
屍	0000155608
屑	0000206623
展	0000253128
屛	0000315771	0000335380
属	0000183737	0000215400
屠	0000256098
屡	0000398074
屢	0000398074
層	0000212616
履	0000392724
屬	0000215400
屯	0000269192
山	0000151638	0000208912
屹	0000091295
岐	0000087206
岡	0000122593
岨	0000212471
岩	0000083309
岬	0000122522
岳	0000068793
岸	0000083307
峙	0000155702
峡	0000096587
峨	0000063357
峩	0000063357
峯	0000340855
峰	0000340855
島	0000256376
峻	0000177672
峽	0000096587
崇	0000193618
崎	0000087224
崕	0000063981
崖	0000063981
崗	0000122557
崚	0000396281
崩	0000340859
嵌	0000083213
嵐	0000392055
嵩	0000193620
嵯	0000141608
嶋	0000256376
嶌	0000256376
嶮	0000118768
嶺	0000399260
嶽	0000068793
巌	0000083317
巍	0000087320
巓	0000253138
巖	0000083317
川	0000208914
州	0000172655
巡	0000177686
巣	0000212601
工	0000103578	0000122492
左	0000141597
巧	0000122499
巨	0000096527	0000121748
巫	0000318672
差	0000141604	0000155570
己	0000087197	0000121749
已	0000018195
巳	0000155575
巴	0000288641
巷	0000122533
巻	0000083200	0000118734
巾	0000101336
市	0000155585
布	0000318671	0000340521
帆	0000303620
希	0000087207	0000113765
帖	0000178759	0000238539
帙	0000235196
帛	0000292810
帝	0000219031	0000245960
帥	0000192254	0000216461
師	0000155613
席	0000205548
帯	0000219042
帰	0000087221
帳	0000238550
帶	0000219042
帷	0000018212
常	0000178765
帽	0000340914
幀	0000245975
幄	0000005960
幅	0000323168
幇	0000340867
幕	0000292847	0000352720
幟	0000155638
幡	0000303639	0000358258
幣	0000335385
干	0000083183
平	0000315741	0000315771	0000335373
年	0000285567
幸	0000122523
幹	0000083226
幻	0000118808
幼	0000385043
幽	0000380871
幾	0000087229
庁	0000238544
広	0000122500
庄	0000178613
庇	0000306057
床	0000178614
序	0000178513
底	0000245954
庖	0000340846
店	0000253125
庚	0000122524
府	0000318674
度	0000225067	0000256084	0000256130
座	0000141629
庫	0000103581	0000121766
庭	0000245963
庵	0000016660
庶	0000178487
康	0000122558
庸	0000385053
廃	0000289949
廉	0000401469
廊	0000402203
廏	0000094756
廐	0000094756
廓	0000068755
廚	0000237070
廟	0000315778
廠	0000178671
廢	0000289949
廣	0000122500
廳	0000238544
延	0000047894
廷	0000245951
建	0000118740	0000139935
廻	0000038990	0000063915
弁	0000339485
弄	0000402196
弊	0000335386
弋	0000386394
弌	0000023366
式	0000159934
弐	0000276418
弑	0000155945
弓	0000094728
弔	0000238543
引	0000029432
弗	0000326413
弘	0000103605	0000122501
弛	0000155588	0000233116
弟	0000219072	0000245867	0000245952
弥	0000306113	0000359008
弦	0000118811
弧	0000121761
弩	0000256129
弱	0000170447	0000281006
張	0000238551
強	0000096597	0000122640
弼	0000311692
弾	0000231110
彈	0000231110
彌	0000306113	0000359008
彎	0000408749
当	0000256364
彙	0000018219
形	0000096645	0000113853
彦	0000118812
彩	0000142061
彪	0000315747
彫	0000238552
彬	0000318131
彰	0000178667
影	0000039214	0000385040
彷	0000340840
役	0000041298	0000377045
彼	0000306059
往	0000049955
征	0000201313
径	0000113855
待	0000219036
律	0000394239	0000394287
後	0000121818	0000122488
徐	0000178516
徑	0000113855
徒	0000256093
従	0000172722	0000178607
得	0000261605
徘	0000289946
從	0000172722
御	0000096554	0000121810
復	0000323169
循	0000177695
微	0000306119	0000359008
徳	0000261607
徴	0000233118	0000238565
徹	0000250841
心	0000187567
必	0000311689
忌	0000087208
忍	0000282149
志	0000155595
忘	0000340899
忙	0000340896
応	0000049954
忠	0000237060
快	0000063909
忰	0000192257
念	0000285568
忽	0000134702
忿	0000334135
怒	0000256131	0000282682
怖	0000318675
怙	0000121756
怜	0000399252
思	0000155609
怠	0000219037
怡	0000018205
急	0000094745
性	0000178605	0000201314
怨	0000047898	0000062210
怪	0000063912	0000113766
怯	0000096584
怱	0000212588
恃	0000155703
恆	0000122534
恋	0000401467
恐	0000096592
恒	0000122534
恕	0000178517
恠	0000063912
恢	0000063917
恣	0000155614
恤	0000176458
恥	0000233124
恨	0000139941
恩	0000062213
恪	0000068743
恬	0000253126
恭	0000096593
息	0000215381
恰	0000122535
恵	0000038991	0000113865
悄	0000178630
悉	0000164804
悋	0000397409
悌	0000245964
悍	0000083201
悔	0000063916
悖	0000289944
悛	0000177673
悟	0000121820
悠	0000380873
患	0000083206	0000118805
悦	0000043452
悩	0000286024
悪	0000005959	0000049475
悲	0000306070
悴	0000192257
悶	0000375943
悸	0000087225
悼	0000256382
悽	0000201324
情	0000178766	0000201302
惇	0000177693
惑	0000406795
惚	0000134704
惜	0000170422	0000205551
惟	0000018213	0000380761
惠	0000113865
惡	0000005959
惣	0000212605
惧	0000103590	0000103609
惨	0000151643	0000151680
惰	0000218607
惱	0000286024
想	0000212469	0000212610
惶	0000122566
惹	0000170450
惻	0000215385
愁	0000172675
愉	0000380713
愍	0000318150	0000365361
意	0000018220
愕	0000068794
愚	0000103610
愛	0000000817
感	0000083227
愧	0000087237
愴	0000212611
愼	0000187597
慄	0000394289
慈	0000155708
態	0000219051
慌	0000122565
慎	0000187597
慕	0000340555
慘	0000151643
慙	0000151683
慚	0000151683
慟	0000256448
慢	0000358261
慣	0000083229
慧	0000038991	0000113887
慨	0000063985
慮	0000396264
慰	0000018223
慳	0000118766
慶	0000096570	0000113886
慾	0000386400
憂	0000380884
憇	0000113889
憊	0000289953
憎	0000212685
憐	0000401474
憑	0000315753
憔	0000178672
憚	0000231088
憤	0000334142
憧	0000178673
憩	0000113889
憫	0000318151	0000365361
憬	0000113896
憮	0000318735
憲	0000118769
憶	0000055564
憾	0000083237
懇	0000139951
懈	0000063936	0000113766
應	0000049954
懊	0000049967
懐	0000063935
懣	0000358265
懦	0000218610
懲	0000238576
懴	0000151686
懷	0000063935
懸	0000113767	0000118777
懺	0000151686
懼	0000103590
戀	0000401467
戈	0000063274
戊	0000340549
戌	0000176456
戍	0000172587
戎	0000172718
成	0000178749	0000201308
我	0000063352
戒	0000063910
或	0000406794
戚	0000205552
戟	0000116320
戦	0000208932
截	0000206629
戮	0000393443
戯	0000087314	0000113792
戰	0000208932
戲	0000087314
戴	0000219055
戸	0000121750
戻	0000399250
房	0000340902
所	0000178484
扁	0000339467
扇	0000208926
扉	0000306071
手	0000172557
才	0000142049
打	0000218599	0000238538
払	0000326414
托	0000225069
扮	0000334134
扶	0000318673
批	0000306058
扼	0000377046
承	0000178618
技	0000087306
抄	0000178615
把	0000288642
抑	0000386395
抒	0000178514
投	0000256365
抗	0000122517
折	0000206619
抛	0000340841
抜	0000296418
択	0000225070
披	0000306060
抱	0000340847
抵	0000245955
抹	0000354586
押	0000049956
抽	0000237061
拂	0000326414
担	0000231073
拇	0000340552
拉	0000389121	0000390978
拍	0000292811	0000315742
拐	0000063913
拒	0000096529
拓	0000225073
拔	0000296418
拗	0000385048
拘	0000122525
拙	0000206620
招	0000178619
拜	0000289938
拝	0000289938
拠	0000096530	0000121748
拡	0000068742
括	0000074493
拭	0000159933	0000183739
拮	0000091296
拱	0000096589
拳	0000118747	0000118804
拶	0000147959
拷	0000122644
拾	0000172660	0000172711
拿	0000218603
持	0000155704	0000233117
指	0000155610
按	0000016657
挌	0000068744
挑	0000238548
挙	0000096532
挟	0000096588
挨	0000000820
挫	0000141630
振	0000187582
挺	0000238541	0000245965
挽	0000303661
挾	0000096588
挿	0000212596
捉	0000215382
捏	0000284469
捐	0000047903
捕	0000318729	0000340527
捗	0000240292
捜	0000212595
捧	0000340860
捨	0000169699
据	0000096533
捲	0000118751
捷	0000178640
捺	0000273211
捻	0000285569
掃	0000212599
授	0000172591
掌	0000178648
排	0000289947
掖	0000041302
掘	0000106676
掠	0000395367	0000396273
採	0000142062
探	0000231080
掣	0000201328
接	0000206624
控	0000122559
推	0000192258
掩	0000047905
措	0000212480
掬	0000088606
掲	0000113869
掻	0000212612
揆	0000087231
描	0000315775
提	0000219072	0000245976
插	0000212596
揖	0000380875
揚	0000385055
換	0000083214
握	0000005961
揮	0000087230
援	0000047909
揶	0000376507
揺	0000385056
損	0000218239
搏	0000292819
搔	0000212612
搖	0000385056
搜	0000212595
搬	0000303636
搭	0000256389
携	0000113881
搾	0000145801
摂	0000206627
摘	0000249576
摧	0000142076
摩	0000350802
摯	0000155644
摸	0000372159
撃	0000116323
撒	0000147948	0000151649
撓	0000256400
撚	0000285572
撞	0000172555	0000256451
撤	0000250842
撥	0000295883	0000296406
撫	0000318736
播	0000288649
撮	0000147956
撰	0000208945
撲	0000344625
撹	0000068766
撻	0000227090
擁	0000385072
擅	0000208951
擇	0000225070
操	0000212631
擒	0000101355
擔	0000231073
據	0000096530
擢	0000249580
擦	0000147957
擧	0000096532
擬	0000087316
擱	0000068762
擲	0000236318	0000249581
擴	0000068742
擾	0000178774
攀	0000303645
攘	0000178776
攜	0000113881
攝	0000206627
攣	0000401480
攪	0000068766
攬	0000392065
支	0000155576
收	0000172654
攷	0000122509
改	0000063911
攻	0000122518
放	0000340848
政	0000178605	0000201317
故	0000121762
效	0000122521
敍	0000178515
敏	0000318147
救	0000094752
敕	0000240291
敗	0000289948
教	0000096598
敢	0000083215
散	0000151646
敦	0000269194
敬	0000096570	0000113875
数	0000192202	0000193621
敲	0000122576
整	0000201341
敵	0000249579
敷	0000318694
數	0000193621
斂	0000401477
文	0000334151	0000375939
斉	0000142045	0000201316
斎	0000142066
斐	0000306072
斑	0000303634
斗	0000256087
料	0000396280
斜	0000169701
斟	0000187598
斤	0000101337
斥	0000205541
斧	0000318676
斬	0000151682
断	0000231109
斯	0000155623
新	0000187599
斷	0000231109
方	0000340837
施	0000155611	0000201274
旁	0000340908
旅	0000396261
旋	0000208930
族	0000215399
旗	0000087243
既	0000087216
日	0000164819	0000278517
旦	0000231071	0000231116
旧	0000094732
旨	0000155589
早	0000147947	0000212583
旬	0000177680	0000177685
旭	0000099190
旱	0000083190
旺	0000049957
昂	0000122526
昆	0000139940
昇	0000178620
昌	0000178621
明	0000364592	0000365360	0000368675
昏	0000139939
易	0000018193	0000041299
昔	0000170422	0000205545
星	0000178605	0000201318
映	0000039206
春	0000177671
昧	0000351130
昨	0000145793
昭	0000178626
是	0000201285
昵	0000164821
昼	0000237064
時	0000155705
晃	0000122548
晄	0000122548
晉	0000187583
晋	0000187583
晏	0000016658
晝	0000237064
晦	0000063922
晨	0000187589
晩	0000303662
普	0000318690
景	0000113876
晰	0000205554
晴	0000201329
晶	0000178649
智	0000233127
暁	0000096649
暇	0000063302
暈	0000038536
暉	0000087238
暑	0000178488
暖	0000231111
暗	0000016661
暢	0000238566
暦	0000400244
暫	0000151684
暮	0000340556
暴	0000292848	0000340920
曇	0000269206
曉	0000096649
曖	0000000821
曙	0000178494
曜	0000385075
曝	0000292856
曠	0000122592
曩	0000286031
曲	0000099191
曳	0000039203
更	0000122519
書	0000178485
曹	0000212600	0000212679
曽	0000212606
曾	0000212606
替	0000219047
最	0000142069
會	0000063906
月	0000074517	0000117175
有	0000031125	0000380864
朋	0000340849
服	0000323166
朔	0000145796
朗	0000402200
望	0000340911	0000372232
朝	0000238558
期	0000087232	0000121811
朦	0000372244
朧	0000402208
木	0000344619	0000373021
未	0000306111	0000359009
末	0000296416	0000354585
本	0000349644
札	0000147950
朱	0000172560
朴	0000344620
朶	0000218600
机	0000087203
朽	0000094735
杉	0000151639
李	0000392715
杏	0000016655	0000096578
材	0000142046	0000142100
村	0000218236
杓	0000170425
杖	0000178757
杜	0000192216	0000256090
束	0000215377
条	0000178756
来	0000389248
杯	0000289939
東	0000256368
杳	0000385049
松	0000178622
板	0000303626	0000303660
枉	0000049958
析	0000205546
枕	0000241188
林	0000397406
枚	0000351129
果	0000063287
枝	0000155602
枡	0000178609
枢	0000193617
枯	0000121763
架	0000063290
柄	0000335377
柏	0000292814	0000314980
某	0000340904
柑	0000083197
染	0000208924
柔	0000172720	0000281072
柩	0000094743
柱	0000237065
柳	0000395458
柴	0000142055
柵	0000145794
査	0000141601
柿	0000155612
栄	0000039207
栓	0000208927
栖	0000201322
栗	0000394288
校	0000096571	0000122549
栢	0000292814
株	0000172564
核	0000068747
根	0000139942
格	0000068746	0000093543	0000122489
栽	0000142058
桁	0000122594
桂	0000113866
桃	0000256377
案	0000016659
桐	0000256378
桑	0000212597
桜	0000049961
桟	0000151641
桶	0000256383
桿	0000083207
梁	0000396282
梅	0000289972
梓	0000155620
梗	0000096571	0000122561
條	0000178756
梟	0000096599
梢	0000178641
梧	0000121821
梨	0000392719
梯	0000245971
械	0000063923
梱	0000139944
梵	0000349654
棄	0000087239
棉	0000371762
棊	0000087233
棋	0000087233
棒	0000340915
棘	0000099193
棟	0000256390
棧	0000151641
森	0000187593
棲	0000201330
棺	0000083216
椅	0000018228
植	0000183741
椎	0000241652
椒	0000178650
検	0000118758
椰	0000376508
椿	0000241191
楊	0000385061
楓	0000320578
楕	0000218608
楚	0000212489
業	0000096650	0000122639
楳	0000289972
極	0000099194	0000130032
楷	0000063929
楼	0000402204
楽	0000068795	0000390155
概	0000063988
榛	0000187600
榜	0000340917
榮	0000039207
槇	0000187601
構	0000122577
槌	0000241653
槍	0000212617
様	0000385065
槙	0000187601
槽	0000212626
樂	0000068795
樓	0000402204
標	0000315752
樞	0000193617
模	0000340548	0000372160
樣	0000385065
権	0000118767	0000139969
横	0000049965
樵	0000178680
樸	0000344626
樹	0000172596
樽	0000218241
橋	0000096608
橘	0000091299
機	0000087253
檀	0000231066	0000231115
檄	0000116325
檢	0000118758
檣	0000178684
檻	0000083247
櫓	0000402052
櫛	0000164811
櫻	0000049961
欄	0000392061
權	0000118767
欝	0000035597
欠	0000117155	0000118733
次	0000155569	0000155693
欣	0000101340
欧	0000049959
欲	0000386398
欺	0000087310
欽	0000101346
款	0000083217
歌	0000063308
歎	0000231089
歐	0000049959
歓	0000083233
歡	0000083233
止	0000155577
正	0000178605	0000201306
此	0000155586
武	0000318732	0000365729
歩	0000318665	0000318729	0000340523
歪	0000405571
歯	0000155625
歳	0000142074	0000201303
歴	0000400245
歸	0000087221
死	0000155590
歿	0000346723
殆	0000219038
殉	0000177690
殊	0000172565
残	0000151681
殖	0000183742
殘	0000151681
殱	0000208958
殲	0000208958
殴	0000049960
段	0000231066	0000231108
殷	0000029439
殺	0000142048	0000147953	0000206616
殻	0000068748
殼	0000068748
殿	0000253121	0000253154
毀	0000087236
毅	0000087249
毆	0000049960
母	0000340550	0000372157
毎	0000351127
毒	0000261620
比	0000306052
毛	0000372233
毫	0000122646
毬	0000094753
氈	0000208953
氏	0000155578
民	0000365362
気	0000087204	0000113765
氣	0000087204
水	0000192250
氷	0000315743
永	0000039202	0000385040
氾	0000303618
汀	0000245948
汁	0000172716
求	0000094737	0000103606
汎	0000303621
汐	0000205543
汗	0000083187
汚	0000049476
汝	0000178511
江	0000122510
池	0000233121
汰	0000218586
汲	0000094738
決	0000117158
汽	0000087209
沃	0000386396
沈	0000187637	0000241187
沐	0000373023
沓	0000256367
沖	0000237057
沙	0000141600	0000169688
没	0000346722	0000373880
沢	0000225071
沫	0000354587
沮	0000178480	0000212472
河	0000063288
沸	0000326415
油	0000380711	0000380861
治	0000155701	0000233117
沼	0000178623
沿	0000047895
況	0000096585
泄	0000206621
泉	0000208921
泊	0000292812
泌	0000306051	0000311690
法	0000296401	0000340850	0000346720
泡	0000340851
波	0000288643
泣	0000094744
泥	0000245999
注	0000237062
泪	0000398099
泰	0000219043
泳	0000039204
洋	0000385050
洒	0000142047	0000169696
洗	0000208923
洛	0000390156
洞	0000256357	0000256441
津	0000187577
洩	0000039208	0000206617
洪	0000122536
洲	0000172661
洵	0000177687
洸	0000122537
活	0000074494
派	0000288645
流	0000395459	0000398073
浄	0000178762
浅	0000208922
浚	0000177674
浜	0000318130
浣	0000083202
浦	0000340528
浩	0000122550
浪	0000402201
浮	0000318684
浴	0000386397
海	0000063918
浸	0000187584
消	0000178631
涌	0000380877
涎	0000208984
涕	0000245966
涙	0000398099
涛	0000256405
涜	0000261609
涯	0000063982
液	0000041303
涸	0000121767
涼	0000396283
淋	0000397411
淑	0000175548
淘	0000256385
淡	0000231081
淨	0000178762
淪	0000397410
淫	0000029442
深	0000187590
淳	0000177694
淵	0000047906
混	0000139945
淺	0000208922
添	0000253129
清	0000178605	0000187566	0000201325
渇	0000074496
済	0000142063	0000201303
渉	0000178642
渊	0000047906
渋	0000172723
渓	0000113870
渕	0000047906
渙	0000083218
渚	0000178486
減	0000118820
渠	0000096536
渡	0000256099
渥	0000005962
渦	0000063299
温	0000038531	0000062214
測	0000215386
港	0000122567
游	0000380876
渺	0000315777
渾	0000139948
湖	0000121769
湧	0000380877	0000385041
湮	0000029445
湯	0000231069	0000256391
湾	0000408747
湿	0000164805
満	0000358260
溌	0000296407
源	0000118821
準	0000177698
溜	0000395466
溝	0000122573
溟	0000368679
溢	0000024441
溪	0000113870
溯	0000212491
溶	0000385062
溺	0000249590
滄	0000212613
滅	0000370804
滉	0000122574
滋	0000155707
滑	0000074498	0000134701
滓	0000155628
滔	0000256398
滞	0000219050
滯	0000219050
滲	0000187602
滴	0000249577
滿	0000358260
漁	0000096556	0000396274
漂	0000315751
漆	0000164808
漏	0000402205
演	0000047919
漕	0000212618
漠	0000292852
漢	0000083228
漣	0000401471
漫	0000358262
漬	0000155636
漱	0000212619
漲	0000238567
漸	0000208989
漿	0000178674
潅	0000083250
潑	0000296407
潔	0000117163
潛	0000208946
潜	0000208946
潟	0000205557
潤	0000177701
潭	0000231090
潮	0000238571
潰	0000063933
澁	0000172723
澄	0000238570
澤	0000225071
澪	0000399258
澱	0000253156
激	0000116324
濁	0000183767	0000225097
濃	0000286029
濕	0000164805
濛	0000372243
濟	0000142063
濠	0000122651
濤	0000256405
濫	0000392058
濯	0000225078
濱	0000318130
濾	0000402051
瀆	0000261609
瀉	0000169708
瀑	0000292855
瀕	0000318137
瀝	0000400246
瀬	0000389252
瀾	0000392062
灌	0000083250
灣	0000408747
火	0000063275	0000121747
灯	0000256363
灰	0000063908
灸	0000094739
灼	0000170426
災	0000142051
炉	0000402046
炊	0000192253
炎	0000047896
炙	0000169694
炬	0000096531	0000121748
炭	0000231074
炯	0000113862
炳	0000335378
炸	0000145795
点	0000253127
為	0000018210
烈	0000400726
烏	0000031135
烙	0000390157	0000403515
烟	0000047912
烹	0000340861
烽	0000340862
焉	0000047907
焔	0000047910
焙	0000289976
焚	0000334138
無	0000318730	0000365733
焦	0000178652
焰	0000047910
然	0000208987	0000285566
焼	0000178651
煉	0000401470
煎	0000208933
煕	0000087244
煖	0000231112
煙	0000047912
煤	0000289978
照	0000178663
煩	0000303637	0000349651
煮	0000169704
煽	0000208940
熈	0000087244
熊	0000380882
熏	0000113234
熔	0000385066
熙	0000087244
熟	0000175560
熱	0000284470
熾	0000155641
燃	0000285573
燄	0000047910
燈	0000256363
燎	0000396299
燐	0000397416
燒	0000178651
燕	0000047921
營	0000039210
燥	0000212633
燦	0000151653
燧	0000192270
燭	0000183747	0000215374
燻	0000113234
燼	0000187652
爆	0000292857
爐	0000402046
爛	0000392064
爪	0000212581
爬	0000288644
爭	0000212584
爲	0000018210
爵	0000170432
父	0000318669
爺	0000376509
爽	0000212598
爾	0000155710
牀	0000178614	0000178624
牆	0000178685
片	0000339464
版	0000303627
牌	0000289950
牒	0000238562
牘	0000261610
牙	0000063350	0000113789
牛	0000094781	0000121807
牝	0000318128
牡	0000340551
牢	0000402197
牧	0000344621
物	0000326420	0000373881
牲	0000201319
牴	0000245961
特	0000261604
牽	0000118752
犀	0000142070
犠	0000087317
犧	0000087317
犬	0000118735
犯	0000303619	0000349651
状	0000178758
狀	0000178758
狂	0000096579
狄	0000249572
狐	0000121757
狗	0000103584
狙	0000212473
狡	0000122538
狩	0000172562
独	0000261621
狭	0000096590
狸	0000392718
狹	0000096590
狼	0000402202
猛	0000372239
猜	0000142064
猟	0000396284
猥	0000405572
猪	0000238512
猫	0000315776	0000364593
献	0000118762	0000139935
猶	0000380878
猿	0000047913
獄	0000130033
獅	0000155629
獣	0000172726
獨	0000261621
獪	0000063937
獰	0000256453
獲	0000068760
獵	0000396284
獸	0000172726
獻	0000118762
玄	0000118809
率	0000216463	0000394285
玉	0000099200
王	0000049951
玖	0000094740
玩	0000083308
玲	0000399253
珍	0000241189
珎	0000241189
珠	0000172566
珪	0000113867
班	0000303629
現	0000118816
球	0000094754
理	0000392720
琢	0000225076
琳	0000397412
琴	0000101347
瑕	0000063303
瑚	0000121822
瑛	0000039212
瑞	0000192280
瑟	0000164807
瑠	0000398075
瑣	0000141610
瑤	0000385063
瑳	0000141611
瑶	0000385063
瑾	0000101352
璃	0000392725
璧	0000336763
環	0000083242
璽	0000155713
瓊	0000113891
瓜	0000063278
瓣	0000339485
瓦	0000063351
瓶	0000318149	0000335371
甘	0000083185
甚	0000187645
甜	0000253130
甞	0000178666
生	0000178605	0000201307
産	0000151644
甦	0000212484
用	0000385045
甫	0000318665	0000340522
田	0000253152
由	0000380710	0000380760	0000380861
甲	0000083182	0000122502
申	0000187568
男	0000231107	0000275604
町	0000238546
画	0000063353	0000068738
界	0000063919
畏	0000018207
畔	0000303630
留	0000395460	0000398073
畜	0000234314
畝	0000340529
畢	0000311691
略	0000395368
畧	0000395368
番	0000303663
畫	0000063353
異	0000018214
畳	0000178768
畴	0000237076
當	0000256364
畿	0000087251
疆	0000096613
疇	0000237076
疊	0000178768
疎	0000212485
疏	0000178480	0000212481
疑	0000087312
疫	0000041300	0000377043
疱	0000340856
疲	0000306066
疵	0000155615
疹	0000187585
疾	0000164802
病	0000315774	0000335370
症	0000178632
痍	0000018215
痒	0000385054
痔	0000155706
痕	0000139946
痘	0000256392
痙	0000113877
痛	0000241986
痢	0000392721
痰	0000231085
痴	0000233129
痺	0000306074
痾	0000000006
瘍	0000385078
瘡	0000212627
瘤	0000395467
瘦	0000212628
療	0000396300
癇	0000083243
癈	0000289954
癌	0000083313
癒	0000380717
癖	0000336764
癡	0000233129
癲	0000253139
発	0000296404	0000346721
登	0000256086	0000256393
發	0000296404
白	0000292808	0000314989
百	0000314981
皃	0000340919
的	0000249573
皆	0000063920
皇	0000049950	0000122539
皋	0000122562
皐	0000122562
皓	0000122568
皮	0000306053
皷	0000121774
皿	0000335398
盂	0000031132
盃	0000289939
盆	0000349653
盈	0000039209
益	0000041301	0000377043
盒	0000122647
盖	0000063989
盗	0000256384
盛	0000178749	0000201326
盜	0000256384
盟	0000368680
盡	0000187643
監	0000083234	0000118734
盤	0000303666
目	0000344617	0000373022
盲	0000372236
直	0000159977	0000240290
相	0000178606	0000212589
盾	0000177688
省	0000178605	0000201320
眄	0000339487
眉	0000306114	0000359008
看	0000083198
県	0000118742
眞	0000187586
真	0000187586
眠	0000365363
眩	0000118815
眷	0000118753
眸	0000340912
眺	0000238553
眼	0000083310	0000118806
着	0000170445	0000236319
睛	0000201332
睡	0000192262
督	0000261606
睥	0000335383
睦	0000344622
睨	0000113923
睹	0000256101
瞑	0000368684
瞞	0000358264
瞠	0000256452
瞥	0000337355
瞬	0000177678
瞭	0000396301
瞰	0000083244
瞳	0000256454
瞽	0000121776
矛	0000340890	0000365731
矜	0000096591	0000101333
矢	0000155587
知	0000233122
矩	0000103586
短	0000231083
矯	0000096610
石	0000130003	0000170422	0000205542
砂	0000141602	0000169688
研	0000118741	0000118804
砕	0000142056
砦	0000142059
砲	0000340857
破	0000288646
硝	0000178653
硫	0000395465
硬	0000122569
硯	0000118759
硼	0000340869
碁	0000087198	0000121823
碇	0000245978
碍	0000063986	0000063992
碎	0000142056
碑	0000306076
碧	0000336759
碩	0000205556
確	0000068759
磁	0000155711
磊	0000389250
磐	0000303667
磔	0000225077
磨	0000350803
磯	0000087255
礁	0000178686
礎	0000212492
礙	0000063992
礫	0000400247
示	0000155569	0000155690
礼	0000389247	0000399246
社	0000169691
祀	0000155603
祇	0000087308
祈	0000087211
祉	0000155604
祐	0000380872
祓	0000326416
祕	0000306068
祖	0000212476
祚	0000212477
祝	0000172651	0000175546
神	0000187578	0000187638
祠	0000155616
祥	0000178633
票	0000315748
祭	0000142065
祷	0000256409
祿	0000403521
禀	0000318133	0000397402
禁	0000101350
禄	0000403521
禅	0000208988
禍	0000063304
禎	0000245979
福	0000323170
禦	0000096557
禧	0000087256
禪	0000208988
禮	0000399246
禱	0000256409
禽	0000101351
禾	0000063279
禿	0000261602
秀	0000172657
私	0000155596
秋	0000172662
科	0000063289
秒	0000315773
秘	0000306068
租	0000212478
秦	0000187587
秩	0000235197
称	0000178634
移	0000018216
稀	0000087234	0000113765
程	0000245977
税	0000201365
稔	0000285571
稗	0000289951
稚	0000233130
稜	0000396289
稟	0000318133	0000397402
稠	0000237072
種	0000172570
稱	0000178634
稲	0000256399
稻	0000256399
稼	0000063311
稽	0000113888
稾	0000122582
稿	0000122582
穀	0000130012
穂	0000192264
穉	0000233130
積	0000205558
穎	0000039217
穏	0000062215
穗	0000192264
穢	0000000814	0000405575
穣	0000178775
穩	0000062215
穫	0000068764
穰	0000178775
穴	0000117156
究	0000094741	0000103577
空	0000104018
穿	0000208925
突	0000263950
窃	0000206622
窄	0000145797
窒	0000235198
窓	0000212602
窗	0000212602
窟	0000106677
窩	0000063309
窮	0000094761
窯	0000385069
窺	0000087254
竄	0000151685
竅	0000096611
竊	0000206622
立	0000394286	0000395457
竚	0000238511
竜	0000395461	0000396272
竝	0000335376
竟	0000096601
章	0000178643
竣	0000177675
童	0000256445
端	0000231086
競	0000096615	0000113849
竹	0000234313
竿	0000083199
笄	0000113878
笈	0000094749
笑	0000178635
笙	0000178644
笛	0000249575
笞	0000233126
笠	0000395462
符	0000318687
第	0000219077
筆	0000311693
等	0000256394
筋	0000101348
筑	0000234316
筒	0000256396
答	0000256395
策	0000145799
筮	0000201366
筵	0000047914
箇	0000063310	0000121747
箋	0000208941
箏	0000212620
箔	0000292820
箕	0000087245
算	0000151647
箝	0000083231
管	0000083230
箪	0000231093
箱	0000212629
箴	0000187605
節	0000206584	0000206628
範	0000303640
篆	0000253134
篇	0000339472
築	0000234318
篤	0000261608
篭	0000402210
簇	0000212634
簒	0000151651
簞	0000231093
簡	0000083248	0000118734
簾	0000401479
簿	0000340557
籃	0000392063
籍	0000205561
籖	0000208960
籠	0000402210
籤	0000208960
米	0000335399	0000351125
粉	0000334136
粋	0000192255
粒	0000395463
粕	0000292816
粗	0000212482
粘	0000285570
粛	0000175549
粟	0000215401
粧	0000178654
粮	0000396302
粱	0000396290
粹	0000192255
精	0000178605	0000201336
糊	0000121775
糖	0000256403
糞	0000334144
糟	0000212635
糠	0000122587
糧	0000396302	0000402192
糸	0000155591
糺	0000094747
系	0000113854
糾	0000094747
紀	0000087213
約	0000377047
紅	0000103578	0000103605	0000122540
紆	0000031134
紊	0000318148
紋	0000375941
納	0000256358	0000269741	0000273210	0000275605	0000286025
紐	0000172712	0000237066
純	0000177691
紗	0000141605	0000169688
紘	0000122551
紙	0000155617
級	0000094746
紛	0000334137
素	0000192201	0000212479
紡	0000340909
索	0000145798
紫	0000155621
紬	0000237069
累	0000398100
細	0000142067
紳	0000187591
紹	0000178645
紺	0000139947
終	0000172667
絃	0000118817
組	0000212483
絆	0000303632	0000303660
経	0000096570	0000101335	0000113871
結	0000117111	0000117161
絞	0000122570
絡	0000390158
絢	0000118760
給	0000094755
絨	0000172724
絮	0000178519
統	0000256397
絲	0000155591
絵	0000038990	0000063924
絶	0000206641
絹	0000118763
經	0000113871
継	0000113882
続	0000183737	0000215403
綜	0000212622
綬	0000172592
維	0000018222
綱	0000122578
網	0000372241
綴	0000245982	0000250836
綸	0000397413
綺	0000087246
綻	0000231087
綽	0000170430
綾	0000396293	0000397404
綿	0000371763
緊	0000101353
緋	0000306077
総	0000212621
緑	0000397092	0000403517
緒	0000178491	0000238510
緘	0000083236
線	0000208947
緜	0000371763
緞	0000269205
締	0000245983
編	0000339473
緩	0000083235
緬	0000371764
緯	0000018226
練	0000401472
緻	0000233134
縁	0000047920
縄	0000178770
縊	0000018227
縛	0000292854
縣	0000118742
縦	0000172727	0000178607
縫	0000340877
縮	0000175550
縱	0000172727
縷	0000398076
總	0000212621
績	0000205559
繁	0000303641
繊	0000208954
繍	0000172681
織	0000159933	0000183748
繕	0000208991
繙	0000303643
繞	0000281795
繡	0000172681
繩	0000178770
繪	0000063924
繫	0000113892
繭	0000118774
繹	0000041306
繼	0000113882
纂	0000151654
續	0000215403
纏	0000253137
纒	0000253137
纖	0000208954
缶	0000083188
缺	0000117155
罐	0000083188
罔	0000372237
罪	0000142103
罫	0000113883
置	0000233131
罰	0000295882	0000296420
署	0000178490
罵	0000288667
罷	0000306079
罸	0000296420
罹	0000392726
羅	0000389119
羈	0000087259
羊	0000385046
美	0000306115	0000359008
羞	0000172668
羣	0000113243
群	0000113243
羨	0000047890	0000208934
義	0000087311
羽	0000031129
翁	0000049962
翌	0000386399
習	0000172669
翔	0000178655
翠	0000192263
翩	0000339474
翰	0000083238
翳	0000039220
翻	0000349646
翼	0000386401
耀	0000385076
老	0000402194
考	0000122511
者	0000169695
而	0000155694
耐	0000219035
耕	0000122552
耗	0000122490	0000372238
耳	0000155695
耶	0000376505
耻	0000233124
耽	0000231077
聊	0000396285
聖	0000178605	0000201334
聘	0000335384
聚	0000172586	0000172677
聞	0000334153	0000375939
聟	0000201327
聡	0000212623
聯	0000401478
聰	0000212623
聲	0000201310
聳	0000178687
聴	0000238575
職	0000159933	0000183749
聽	0000238575
肅	0000175549
肆	0000155630
肇	0000238568
肉	0000277057
肋	0000403519
肌	0000087205
肖	0000178616
肘	0000237058
肚	0000256091
肛	0000122520
肝	0000083191
股	0000121758
肢	0000155605
肥	0000306061
肩	0000118739
肪	0000340903
肯	0000122527
育	0000020593
肴	0000122528
肺	0000289941
胃	0000018208
胆	0000231075
背	0000289940
胎	0000219039
胚	0000289942
胞	0000340852
胡	0000031126	0000121764	0000121809
胤	0000029437
胴	0000256442
胸	0000096594
能	0000286026
脂	0000155618
脅	0000096595
脆	0000201364
脇	0000096596
脈	0000363958
脉	0000363958
脊	0000205549
脚	0000068739	0000093528	0000093546
脣	0000187579
脩	0000172670
脱	0000227103
脳	0000286027
脹	0000238559
腋	0000041304
腎	0000187649
腐	0000318693
腑	0000318691
腔	0000122571
腕	0000408748
腟	0000235199
腦	0000286027
腫	0000172569
腰	0000385064
腱	0000118764
腸	0000238563
腹	0000323171
腺	0000208935
腿	0000219052
膀	0000340918
膂	0000396263
膈	0000068756
膊	0000292821
膏	0000122579
膚	0000318695
膜	0000352721
膝	0000164809
膠	0000122583
膣	0000235199
膨	0000340921
膳	0000208990
膵	0000192266
膺	0000385074
膽	0000231075
膿	0000286030
臂	0000306082
臆	0000055565
臓	0000212688
臘	0000402207
臟	0000212688
臣	0000187570	0000187638
臥	0000063354
臨	0000397419
自	0000155569	0000155696
臭	0000172663
至	0000155592
致	0000233125
臺	0000219076
臼	0000094736
舅	0000094758
與	0000384873
興	0000096571	0000122584
舊	0000094732
舌	0000206640
舎	0000169693
舗	0000340534
舘	0000083241
舜	0000177676
舞	0000318737
舟	0000172656
航	0000122553
般	0000303631
舳	0000160768
舵	0000218605
舶	0000292817
舷	0000118818
船	0000208931
艇	0000245980
艙	0000212632
艦	0000083251
良	0000396277	0000402192
艱	0000083245
色	0000159933	0000183738
艶	0000047922
芋	0000031130
芒	0000340900
芙	0000318677
芝	0000155597
芥	0000063914	0000113766
芦	0000402053
芯	0000187611
花	0000063283	0000113764
芳	0000340842
芸	0000113921
芹	0000101341
芽	0000063355
苑	0000047900	0000062210
苔	0000219040
苗	0000315772	0000364593
苛	0000063291
苟	0000122541
若	0000170446	0000280987	0000281006
苦	0000103585
英	0000039205
茂	0000372158
茅	0000340906
茉	0000354588
茎	0000113856
茗	0000368678
茨	0000155619
茫	0000340910
茶	0000141594	0000236049
荆	0000113864
草	0000212590
荊	0000113864
荒	0000122542
荘	0000178606	0000212591
荷	0000063294
莊	0000212591
莖	0000113856
莞	0000083208
莫	0000292850
莽	0000372240
菅	0000083219
菊	0000088607
菌	0000101344
菓	0000063296
菖	0000178656
菜	0000142068
華	0000063295	0000113764	0000113788
菱	0000396287
萃	0000192260
萌	0000340868
萎	0000018218
萠	0000340868
萬	0000358259
萼	0000068796
落	0000390159
葉	0000385057
著	0000236317	0000238513
葛	0000074499
葡	0000340531
葬	0000212607
葵	0000087240
蒐	0000172678
蒙	0000372242
蒲	0000318729	0000340532
蒸	0000178769
蒼	0000212624
蓄	0000234317
蓉	0000385067
蓋	0000063989
蓬	0000340874
蓮	0000401473
蔑	0000337354
蔓	0000358263
蔗	0000178492
蔭	0000029448	0000062211
蔵	0000212686
蔽	0000335389
蕃	0000303642	0000303660
蕉	0000178681
蕊	0000192281
蕋	0000192281
蕩	0000256402
蕪	0000318738
蕭	0000178688
薄	0000292823
薦	0000208952
薨	0000122588
薩	0000147958
薪	0000187607
薫	0000113233
薬	0000377050
薮	0000212639
薯	0000178495	0000178508
藉	0000169709	0000205539
藍	0000392059
藏	0000212686
藝	0000113921
藤	0000256407
藥	0000377050
藩	0000303644
藪	0000212639
藷	0000178496
藻	0000212640
蘂	0000192281
蘆	0000402053
蘇	0000192201	0000212493
蘊	0000038537
蘭	0000392060
虎	0000121759
虐	0000093553
虔	0000118748
處	0000178482
虚	0000096534	0000121748
虜	0000396262
虞	0000103611
號	0000122641
虫	0000237056
虹	0000122543
蚊	0000334152
蚕	0000151642
蛇	0000169724	0000218598
蛋	0000231082
蛍	0000113872
蛙	0000000005
蛮	0000303664
蛾	0000063359
蜂	0000340870
蜜	0000361637
蝉	0000208957
蝋	0000402209
蝕	0000183746
蝟	0000018224
蝶	0000238572
融	0000380885
螟	0000368685
螢	0000113872
螺	0000389118
蟄	0000235200
蟠	0000303668
蟬	0000208957
蟲	0000237056
蟹	0000063939
蟻	0000087318
蠏	0000063939
蠟	0000402209
蠢	0000177679
蠧	0000256104
蠱	0000121778
蠶	0000151642
蠹	0000256104
蠻	0000303664
血	0000117111	0000117157
衆	0000172554	0000172673
行	0000016654	0000096646	0000122512
衍	0000047899
衒	0000118819
術	0000176459
街	0000063984
衛	0000039218
衝	0000178675
衞	0000039218
衡	0000122585
衢	0000103591
衣	0000018199	0000038989
表	0000315744
衰	0000192256
衷	0000237067
衿	0000101343
袂	0000335400
袈	0000113768
袋	0000219045
袍	0000340858
袒	0000231078
袖	0000172666
被	0000306067
裁	0000142071
裂	0000400727
装	0000178606	0000212608
裏	0000392723
裔	0000039213
裕	0000380879
裘	0000094759
補	0000318665	0000340530
裝	0000212608
裟	0000141609
裨	0000306075
裳	0000178668
裸	0000389117
製	0000201337
裾	0000096538
複	0000323172
褐	0000074500
褒	0000340875
褻	0000206631
襃	0000340875
襟	0000101357
襲	0000172683
西	0000142045	0000201309
要	0000385051
覆	0000323174
覇	0000288650
覊	0000087259
見	0000118737
規	0000087226
視	0000155622
覚	0000068751
覧	0000392056
覩	0000256101
親	0000187608
観	0000083249
覺	0000068751
覽	0000392056
觀	0000083249
角	0000068741
解	0000063927	0000113791
触	0000183744
觸	0000183744
言	0000118810	0000139967
訂	0000245962
訃	0000318680
計	0000113863
訊	0000187646
討	0000256379
訓	0000101334	0000113231
託	0000225075
記	0000087217
訛	0000063297
訟	0000178646
訣	0000117160
訥	0000263951
訪	0000340863
設	0000206625
許	0000096535
訳	0000377048
訴	0000212486
診	0000187594
註	0000237071
証	0000178657
詈	0000392722
詐	0000141606
詔	0000178658
評	0000315749
詛	0000212487
詞	0000155624
詠	0000039211
詢	0000177699
詣	0000113884
試	0000155632
詩	0000155631
詭	0000087241
詮	0000208936
詰	0000091298
話	0000405406
該	0000063987
詳	0000178664
誄	0000398102
誅	0000237073
誇	0000121771
誉	0000384876
誌	0000155637
認	0000282150
誓	0000201338
誕	0000231091
誘	0000380883
語	0000096552	0000121824
誠	0000201335
誡	0000063932
誣	0000318734
誤	0000121825
誦	0000178669
誨	0000063931
説	0000201363	0000206630
読	0000256360	0000261601	0000261622
誰	0000192265
課	0000063312
誹	0000306080
誼	0000087315
調	0000238573
諂	0000253135
諄	0000177702
談	0000231113
請	0000178605	0000187566	0000201340
諌	0000083239
諒	0000396296
論	0000405098
諛	0000380715
諜	0000238574
諠	0000118770
諡	0000155643
諤	0000068797
諦	0000219031	0000245985
諧	0000063938
諫	0000083239
諭	0000380714
諮	0000155642
諳	0000016663
諷	0000320579
諸	0000178493
諺	0000118822
諾	0000225096
謀	0000340922	0000365730
謁	0000043454
謄	0000256406
謎	0000368686
謐	0000311695
謔	0000093555
謗	0000340923
謙	0000118772
謚	0000155643
講	0000122589
謝	0000169707
謠	0000385073
謡	0000385073
謫	0000225079
謬	0000315461
謳	0000049968
謹	0000101356
譁	0000063315
證	0000178657
譌	0000063297
識	0000155571	0000159935
譚	0000231094
譜	0000318697
警	0000096570	0000113893
譬	0000306083
譯	0000377048
議	0000087319
譲	0000178777
譴	0000118778
護	0000121826
譽	0000384876
讀	0000261622
讃	0000151656
變	0000339468
讎	0000172684
讐	0000172684
讒	0000151687
讓	0000178777
讖	0000187610
讚	0000151656
谷	0000130006
豁	0000074501
豆	0000192217	0000256366
豊	0000318728	0000340871
豎	0000172594
豐	0000340871
豚	0000269193
象	0000178659	0000212680
豪	0000122649
豫	0000384874
豬	0000238512
豹	0000315746
豺	0000142060
貌	0000340919
貍	0000392718
貝	0000289968
貞	0000245959
負	0000318681
財	0000142046	0000142102
貢	0000103578	0000122554
貧	0000318132	0000318146
貨	0000063298
販	0000303633
貪	0000231067	0000269203
貫	0000083209
責	0000170422	0000205553
貯	0000238514
貳	0000276418
貴	0000087235
貶	0000339470
買	0000289977
貸	0000219048
費	0000306073
貼	0000238560	0000253122
貿	0000340916
賀	0000063358
賂	0000402048
賃	0000241192
賄	0000405574
資	0000155633
賈	0000121772
賊	0000215402
賎	0000208948
賑	0000187603
賓	0000318134
賛	0000151650
賜	0000155639
賞	0000178676
賠	0000289979
賢	0000118771
賣	0000289969
賤	0000208948
賦	0000318696
質	0000164361	0000164810	0000233119
賭	0000256102
購	0000122590
賽	0000142078
贅	0000201367
贈	0000212579	0000212687
贊	0000151650
贋	0000083315
贓	0000212689
贖	0000183750
赤	0000170422	0000205544
赦	0000169700
赫	0000068757
赭	0000169706
走	0000212586
赳	0000094750
赴	0000318682
起	0000087218
超	0000238561
越	0000043282	0000043453	0000057551
趣	0000172571
趨	0000193622
足	0000215378
跋	0000296419
跌	0000250839
跛	0000288647
距	0000096537
跡	0000205555
跣	0000208938
跨	0000121773
跪	0000087242
路	0000402049
跳	0000238564
践	0000208937
跼	0000099195
踊	0000385068
踏	0000256401
踐	0000208937
踞	0000096540
踪	0000212630
踵	0000178682
蹂	0000172728
蹄	0000245986
蹉	0000141612
蹟	0000205560
蹤	0000178690
蹴	0000172682
蹶	0000117165
躁	0000212641
躍	0000377051
身	0000187571
躬	0000094751
躯	0000103589
軀	0000103589
車	0000169692
軋	0000009723
軌	0000087214
軍	0000113241
軒	0000118749
軛	0000377049
軟	0000275607
転	0000253131
軫	0000187595
軸	0000160769
軽	0000101335	0000113879
較	0000068752	0000122489
載	0000142075
輌	0000396297
輓	0000303665
輔	0000340533
輕	0000113879
輛	0000396297
輜	0000155640
輝	0000087252
輦	0000401475
輩	0000289952
輪	0000397415
輯	0000172679
輸	0000172556	0000380716
輻	0000323173
輿	0000384878
轂	0000130014
轄	0000074502
轉	0000253131
轍	0000250843
轟	0000122653
轢	0000400248
辛	0000187572
辞	0000155709
辟	0000336758
辣	0000390977
辨	0000339485
辭	0000155709
辯	0000339485
辰	0000187573
辱	0000183768	0000277056
農	0000286028
辺	0000339465
迂	0000031131
迅	0000187644
迎	0000113922
近	0000101339	0000139934
返	0000339466
迫	0000292813
迭	0000250837
迯	0000256370
述	0000176457
迷	0000368676
迹	0000170422	0000205550
追	0000241651
退	0000219041
送	0000212592
逃	0000256370
逆	0000093554	0000116319
透	0000256380
逐	0000234315
逓	0000245967
途	0000192216	0000256094
逗	0000256386
這	0000169702
通	0000241605	0000241985
逝	0000201323
逞	0000245972
速	0000215383
造	0000212682
逢	0000340864
連	0000401468
逮	0000219046
週	0000172671
進	0000187592
逸	0000023365	0000024440
逼	0000311694
遁	0000269195
遂	0000192261
遅	0000233128
遇	0000104031
遊	0000380709	0000380880
運	0000038534
遍	0000339471
過	0000063300
遏	0000009724
道	0000256357	0000256446
達	0000227089
違	0000018221
遙	0000385058
遜	0000218240
遞	0000245967
遠	0000047915	0000062210
遡	0000212491
遣	0000118765
遥	0000385058
適	0000249578
遭	0000212625
遮	0000169705
遲	0000233128
遵	0000177703
遷	0000208950
選	0000208949
遺	0000018225	0000380761
遼	0000396298
遽	0000096542
避	0000306081
邁	0000351132
邃	0000192271
還	0000083240
邊	0000339465
邏	0000389120
邑	0000380866
那	0000269742
邦	0000340843
邪	0000169723
邸	0000245956
郁	0000020594
郊	0000122544
郎	0000402198
郡	0000113242
部	0000318733
郭	0000068749
郵	0000380874
郷	0000096600	0000122640
都	0000241606	0000256096
鄙	0000306078
鄭	0000245984
鄰	0000397417
酉	0000380867
酋	0000172664
酌	0000170428
配	0000289945
酎	0000237068
酒	0000172567
酔	0000192259
酢	0000145800
酣	0000083220
酩	0000368681
酪	0000390160
酬	0000172676
酵	0000122580
酷	0000130013
酸	0000151648
醇	0000177704
醉	0000192259
醒	0000201342
醗	0000296408
醜	0000172680
醤	0000178691
醫	0000018202
醬	0000178691
醱	0000296408
醵	0000096543
醸	0000178778
釀	0000178778
采	0000142053
釈	0000170429
釋	0000170429
里	0000392716
重	0000172721	0000238540
野	0000376506
量	0000396288
金	0000101342	0000139934
釘	0000245968
釜	0000318685
針	0000187588
釣	0000238554
鈍	0000269204
鈔	0000178660
鈴	0000397403	0000399254
鉄	0000250840
鉛	0000047916
鉢	0000295875	0000296403
鉱	0000122575
銀	0000101372
銃	0000172725
銅	0000256449
銑	0000208943
銓	0000208944
銕	0000250840
銘	0000368682
銭	0000208942
銷	0000178677
鋒	0000340876
鋤	0000178520
鋭	0000039215
鋳	0000237074
鋸	0000096541
鋼	0000122586
錐	0000192267
錘	0000192268
錠	0000178773
錢	0000208942
錦	0000101354
錨	0000315779
錫	0000170431
錬	0000401476
錮	0000121779
錯	0000145802
録	0000403522
鍍	0000256103
鍛	0000231092
鍵	0000118773
鍼	0000187609
鍾	0000178689
鎔	0000385066
鎖	0000141613
鎚	0000241655
鎧	0000063991
鎭	0000241193
鎮	0000241193
鏡	0000096614
鐘	0000178692
鐵	0000250840
鐸	0000225080
鑄	0000237074
鑑	0000083252
鑒	0000083252
鑛	0000122575
鑽	0000151657
鑿	0000145803
長	0000238547
門	0000375940
閃	0000208928
閉	0000335381
開	0000063925
閏	0000177696
閑	0000083222
間	0000083221	0000118734
関	0000083232
閣	0000068758
閤	0000122581
閥	0000296421
閨	0000113885
閲	0000043455
閾	0000020227
闇	0000016664
闊	0000074503
闌	0000392057
闕	0000117164
闖	0000241194
闘	0000256408
關	0000083232
闢	0000314990
阜	0000318698
阪	0000303625
防	0000340901
阻	0000212474
阿	0000000002
陀	0000218602
附	0000318678	0000318726
陋	0000402199
降	0000122555
限	0000118813
陛	0000335379
陞	0000178636
院	0000029440
陣	0000187647
除	0000155689	0000178518
陥	0000083203
陪	0000289974
陬	0000193619
陰	0000029443	0000062211
陳	0000241190
陵	0000396286
陶	0000256387
陷	0000083203
陸	0000393442	0000403516
険	0000118754
陽	0000385059
隅	0000104032
隆	0000395464
隈	0000405573
隊	0000219049
階	0000063926
随	0000192279
隔	0000068753
隕	0000029446
隘	0000000818
隙	0000116321
際	0000142077
障	0000178670
隠	0000029447	0000062211
隣	0000397417
隧	0000192269
隨	0000192279
險	0000118754
隱	0000029447
隷	0000399259
隻	0000205547
隼	0000177692
雀	0000170449
雁	0000083311
雄	0000380881
雅	0000063360
集	0000172674
雇	0000121770
雉	0000233132
雌	0000155634
雑	0000147965	0000212681
雙	0000212580
雛	0000193623
雜	0000147965
離	0000392728
難	0000275608
雨	0000031133
雪	0000206626
雰	0000334139
雲	0000038535
零	0000399255
雷	0000389249
電	0000253121	0000253155
需	0000172593
霄	0000178678
震	0000187606
霊	0000396271	0000399256
霖	0000397418
霜	0000212636
霞	0000063313
霧	0000365735
霰	0000151655
露	0000402054	0000402193
靄	0000000819
靈	0000399256
青	0000178605	0000201315
靖	0000201333
静	0000178749	0000201339
靜	0000201339
非	0000306062
靡	0000306121
面	0000371761
革	0000068745
靭	0000187650
靱	0000187650
靴	0000063305
鞍	0000016662
鞏	0000096607
鞠	0000088608
鞭	0000339490
韋	0000018209
韓	0000083246
音	0000029430	0000062212
韵	0000029449
韻	0000029449
響	0000096616
頁	0000117159
頂	0000238555
頃	0000113873
項	0000122572
順	0000177697
須	0000172572	0000192198
頌	0000178665
預	0000384877
頑	0000083312
頒	0000303638
頓	0000269196
頗	0000288648
領	0000396294
頚	0000113890
頬	0000096609
頭	0000172713	0000192217	0000256086	0000256404
頰	0000096609
頴	0000039217
頸	0000113890
頻	0000318136
頼	0000389251
頽	0000219053
顆	0000063314
題	0000219078
額	0000068798
顎	0000068799
顔	0000083314
顕	0000118775
願	0000083316
顚	0000253136
顛	0000253136
類	0000398103
顧	0000121777
顯	0000118775
顰	0000318138
風	0000318666	0000320577
颯	0000147955
飄	0000315754
飛	0000306064
飜	0000349646
食	0000159978	0000183740
飢	0000087219
飭	0000240293
飯	0000303635
飲	0000029444	0000062211
飼	0000155635
飽	0000340872
飾	0000183743
餅	0000335387
養	0000385070
餌	0000155712
餐	0000151652
餓	0000063361
餘	0000384875
餝	0000183743
餞	0000208955
餠	0000335387
館	0000083241
饌	0000208959
饑	0000087258
饒	0000178779
饗	0000096617
首	0000172563
馘	0000068763
香	0000096571	0000122545
馥	0000323175
馨	0000113895
馬	0000288665	0000350800	0000368639
馭	0000096555
馳	0000233133
馴	0000177700
駁	0000292853
駄	0000218609
駅	0000041305
駆	0000103587
駈	0000103587
駐	0000237075
駒	0000103588
駕	0000063362
駿	0000177677	0000201143
騎	0000087257
騒	0000212638
験	0000118776	0000118804
騙	0000339475
騰	0000256410
騷	0000212638
驀	0000292858
驅	0000103587
驕	0000096619
驗	0000118776
驚	0000096618
驛	0000041305
驥	0000087260
骨	0000134703
骸	0000063990
髄	0000192282
髑	0000261623
髓	0000192282
體	0000219033
高	0000122556
髪	0000296405
髮	0000296405
鬢	0000318152
鬱	0000035597
鬼	0000087220
魁	0000063930
魂	0000139949
魃	0000296422
魄	0000292822
魅	0000359011
魔	0000350804
魚	0000096553
魯	0000402050
鮮	0000208956
鯉	0000392727
鯢	0000113925
鯨	0000113924
鱗	0000397420
鳥	0000238556
鳩	0000094760
鳳	0000340873
鳴	0000368683
鴈	0000083311
鴉	0000000007
鴻	0000122591
鵠	0000130015
鵬	0000340878
鶏	0000113894
鶴	0000068765
鷄	0000113894
鷹	0000385077
鷺	0000402055
鹵	0000402047
鹸	0000118779
鹼	0000118779
鹽	0000047917
鹿	0000403520
麓	0000403523
麗	0000399262
麟	0000397421
麥	0000292849
麦	0000292849
麪	0000371765
麴	0000088609
麵	0000371765
麹	0000088609
麺	0000371765
麻	0000350801
麾	0000087250
黄	0000049950	0000122563
黍	0000178489
黎	0000399257
黏	0000285570
黒	0000130011
默	0000373024
黙	0000373024
黛	0000219054
點	0000253127
黨	0000256372
黴	0000289980
鼎	0000245981
鼓	0000121774
鼠	0000212490
鼡	0000212490
鼻	0000306120
齊	0000201316
齋	0000142066
齒	0000155625
齡	0000399261
齢	0000399261
龍	0000395461
龜	0000087227
龝	0000172662
𠮟	0000164799
